run_id,seed,event_id,iteration,profile,reason,action,mode,fraction,selected_agents,n_selected_agents,improved_agents,before_best,after_best,delta_best,pre_fitness,post_iteration,post_status,post_fitness,post_delta_fitness,post_diversity,post_stagnation_length,accepted_intervention,acceptance_reason,adaptive_cooldown_until_iteration,adaptive_cooldown_reason,recent_improvement_ratio,uses_base_comparison,shap_target,shap_method,shap_predicted_stagnation_risk,shap_dominant_feature,shap_dominant_label,shap_dominant_value,alpha,beta,danger_signal,safety_signal,raw_diversity,diversity_norm,domain_scale,iteration_norm,stagnation_repeated_iterations,best_population_fitness,mean_population_fitness,worst_population_fitness,candidate_population_best,candidate_diversity,pre_diversity
1,1234,1,40,soft,curve_stagnation_detected,random_reinjection,random_aggressive,0.3,1 0 27 26 29 28 23 22 21,9,0,89.0,89.0,0.0,89.0,50,neutral,89.0,0.0,0.036080411811786076,51.0,True,preserved_best_and_increased_diversity,77.0,neutral,0.0,False,stagnation_risk,exact_shapley_wo_simulation,89.0,alpha,Coef. exploracion (alpha),0.0,0.8666666666666667,0.975075573352886,-0.35295224219021487,0.2610622919271173,0.540472649858543,0.11032351767361212,4.898979485566356,0.13333333333333333,41,89.0,89.16666666666667,92.0,89.0,0.8991729498587527,0.540472649858543
1,1234,2,77,soft,curve_stagnation_detected,random_reinjection,random_aggressive,0.3,29 28 27 20 21 14 7 6 13,9,0,89.0,89.0,0.0,89.0,87,neutral,89.0,0.0,0.6574582933384214,88.0,True,preserved_best_and_increased_diversity,114.0,neutral,0.0,False,stagnation_risk,exact_shapley_wo_simulation,89.0,alpha,Coef. exploracion (alpha),0.0,0.7433333333333334,0.919334075010081,-1.069865907860616,0.32863391549950005,0.8229914918903362,0.16799243481526696,4.898979485566356,0.25666666666666665,78,89.0,91.6,95.0,89.0,1.0167981151773915,0.8229914918903362
1,1234,3,114,soft,curve_stagnation_detected,random_reinjection,random_aggressive,0.3,29 28 27 26 25 24 23 22 21,9,0,95.0,91.0,-4.0,95.0,124,improved,89.0,6.0,0.9829878097204895,125.0,True,improved_population_best,114.0,neutral,0.0,False,stagnation_risk,exact_shapley_wo_simulation,89.0,alpha,Coef. exploracion (alpha),0.0,0.62,0.7685247834990176,0.2188315674366507,0.8322053557046367,0.03797216991854062,0.007751036727223767,4.898979485566356,0.38,115,95.0,95.0,95.0,91.0,0.7188500101958206,0.03797216991854062
1,1234,4,150,soft,curve_stagnation_detected,random_reinjection,random_aggressive,0.3,29 28 27 26 25 24 23 22 21,9,0,95.0,89.0,-6.0,95.0,160,improved,89.0,6.0,0.9514423010092586,161.0,True,improved_population_best,114.0,neutral,0.0,False,stagnation_risk,exact_shapley_wo_simulation,91.0,danger_signal,Senal de peligro,0.5,0.5,0.5,-0.9215321140265553,0.4558626139319294,0.03637124017324203,0.007424248311388318,4.898979485566356,0.5,151,95.0,95.0,95.0,89.0,0.73562486928456,0.03637124017324203
1,1234,5,186,soft,curve_stagnation_detected,random_reinjection,random_aggressive,0.3,1 27 6 19 28 26 24 23 21,9,0,89.0,89.0,0.0,89.0,196,neutral,89.0,0.0,0.9020615337199225,197.0,True,preserved_best_and_increased_diversity,223.0,neutral,0.0,False,stagnation_risk,exact_shapley_wo_simulation,89.0,alpha,Coef. exploracion (alpha),0.0,0.38,0.23147521650098246,0.3750138812902054,0.81597840641475,0.58236127877203,0.11887399824551521,4.898979485566356,0.62,187,89.0,89.5,95.0,89.0,0.8847588447575483,0.58236127877203
1,1234,6,223,soft,curve_stagnation_detected,random_reinjection,random_aggressive,0.3,29 28 27 26 25 24 23 22 21,9,0,89.0,89.0,0.0,89.0,233,neutral,89.0,0.0,0.813845680111846,234.0,True,preserved_best_and_increased_diversity,260.0,neutral,0.0,False,stagnation_risk,exact_shapley_wo_simulation,89.0,alpha,Coef. exploracion (alpha),0.0,0.2566666666666667,0.08066592498991898,0.44271841396718165,0.033689659649008386,0.5605096497869138,0.11441355315700306,4.898979485566356,0.7433333333333333,224,89.0,89.2,95.0,89.0,0.8319596679569548,0.5605096497869138
2,1235,1,40,soft,curve_stagnation_detected,random_reinjection,random_aggressive,0.3,21 1 19 26 12 27 24 25 22,9,0,89.0,89.0,0.0,89.0,50,neutral,89.0,0.0,0.03760070306198135,51.0,True,preserved_best_and_increased_diversity,77.0,neutral,0.0,False,stagnation_risk,exact_shapley_wo_simulation,89.0,alpha,Coef. exploracion (alpha),0.0,0.8666666666666667,0.975075573352886,0.39429527619590343,0.6965843124697232,0.31213950804384943,0.06371521027256638,4.898979485566356,0.13333333333333333,41,89.0,89.5,95.0,89.0,0.7330482524026948,0.31213950804384943
2,1235,2,77,soft,curve_stagnation_detected,random_reinjection,random_aggressive,0.3,26 19 28 27 20 29 21 6 13,9,0,89.0,89.0,0.0,89.0,87,neutral,89.0,0.0,1.0506337246578137,88.0,True,preserved_best_and_increased_diversity,114.0,neutral,0.0,False,stagnation_risk,exact_shapley_wo_simulation,89.0,alpha,Coef. exploracion (alpha),0.0,0.7433333333333334,0.919334075010081,0.8577016536207617,0.589348279219283,1.017137702897236,0.20762236418706861,4.898979485566356,0.25666666666666665,78,89.0,93.06666666666666,97.0,89.0,1.1009790762719927,1.017137702897236
2,1235,3,114,soft,curve_stagnation_detected,random_reinjection,random_aggressive,0.3,28 27 20 6 0 13 7 24 10,9,0,89.0,89.0,0.0,89.0,124,neutral,89.0,0.0,1.036054388620278,125.0,True,preserved_best_and_increased_diversity,151.0,neutral,0.0,False,stagnation_risk,exact_shapley_wo_simulation,89.0,alpha,Coef. exploracion (alpha),0.0,0.62,0.7685247834990176,-0.47349001678015507,0.8061778864142953,0.6988053393480638,0.14264304257793337,4.898979485566356,0.38,115,89.0,90.9,95.0,89.0,0.757726783999752,0.6988053393480638
2,1235,4,151,soft,curve_stagnation_detected,random_reinjection,random_aggressive,0.3,7 28 8 12 27 29 23 22 21,9,0,89.0,89.0,0.0,89.0,161,neutral,89.0,0.0,0.10239328471643301,162.0,True,preserved_best_and_increased_diversity,188.0,neutral,0.0,False,stagnation_risk,exact_shapley_wo_simulation,89.0,alpha,Coef. exploracion (alpha),0.0,0.4966666666666667,0.49166743818588066,0.49432663558953255,0.1640377490457139,0.28575197679910075,0.058328878012451166,4.898979485566356,0.5033333333333333,152,89.0,89.46666666666667,95.0,89.0,0.720036809340078,0.28575197679910075
2,1235,5,188,soft,curve_stagnation_detected,random_reinjection,random_aggressive,0.3,29 28 27 6 0 13 7 10 9,9,0,89.0,89.0,0.0,89.0,198,neutral,89.0,0.0,0.07870738550462096,199.0,True,preserved_best_and_increased_diversity,225.0,neutral,0.0,False,stagnation_risk,exact_shapley_wo_simulation,89.0,alpha,Coef. exploracion (alpha),0.0,0.3733333333333333,0.21982839774068252,-0.2195043626097279,0.6704538760150683,0.9366974339921886,0.1912025630545991,4.898979485566356,0.6266666666666667,189,89.0,91.73333333333333,95.0,89.0,1.032113244362504,0.9366974339921886
2,1235,6,225,soft,curve_stagnation_detected,random_reinjection,random_aggressive,0.3,29 27 7 6 0 13 11 10 9,9,0,89.0,89.0,0.0,89.0,235,neutral,89.0,0.0,0.8422617316462468,236.0,True,preserved_best_and_increased_diversity,262.0,neutral,0.0,False,stagnation_risk,exact_shapley_wo_simulation,89.0,alpha,Coef. exploracion (alpha),0.0,0.25,0.07585818002124345,-0.36288556139542816,0.9843103546794807,0.8230408135279712,0.16800250255239066,4.898979485566356,0.75,226,89.0,91.2,97.0,89.0,0.9466024835250803,0.8230408135279712
3,1236,1,40,soft,curve_stagnation_detected,random_reinjection,random_aggressive,0.3,29 28 27 26 25 24 23 22 21,9,0,95.0,89.0,-6.0,95.0,50,improved,89.0,6.0,0.8829937801923878,51.0,True,improved_population_best,,,0.0,False,stagnation_risk,exact_shapley_wo_simulation,89.0,diversity,Diversidad poblacional,0.6666666666666666,0.8666666666666667,0.975075573352886,0.6063778264701447,0.8893105022800455,0.03596464876707472,0.007341253188145767,4.898979485566356,0.13333333333333333,41,95.0,95.0,95.0,89.0,0.7249798035038508,0.03596464876707472
3,1236,2,76,soft,curve_stagnation_detected,random_reinjection,random_aggressive,0.3,26 19 28 27 20 29 21 6 13,9,0,89.0,89.0,0.0,89.0,86,neutral,89.0,0.0,0.66192452551711,87.0,True,preserved_best_and_increased_diversity,113.0,neutral,0.0,False,stagnation_risk,exact_shapley_wo_simulation,89.0,alpha,Coef. exploracion (alpha),0.0,0.7466666666666666,0.921771740548216,-0.11018098411837603,0.013568015765157537,1.0164586954665629,0.20748376237567634,4.898979485566356,0.25333333333333335,77,89.0,93.06666666666666,97.0,89.0,1.0791972719851786,1.0164586954665629
3,1236,3,113,soft,curve_stagnation_detected,random_reinjection,random_aggressive,0.3,29 27 20 6 0 13 7 23 18,9,0,89.0,89.0,0.0,89.0,123,rejected_by_acceptance,,,,,False,rejected_by_conditional_acceptance,113.0,neutral,0.0,False,stagnation_risk,exact_shapley_wo_simulation,89.0,alpha,Coef. exploracion (alpha),0.0,0.6233333333333333,0.7744014530142785,0.9495675156612647,0.8622290742959559,0.9171905134069251,0.18722072956402502,4.898979485566356,0.37666666666666665,114,89.0,92.13333333333334,95.0,89.0,0.8325317371182057,0.9171905134069251
3,1236,4,158,soft,curve_stagnation_detected,random_reinjection,random_aggressive,0.3,29 28 27 6 0 13 7 17 19,9,0,89.0,89.0,0.0,89.0,168,neutral,89.0,0.0,0.926677459799495,169.0,True,preserved_best_and_increased_diversity,195.0,neutral,0.0,False,stagnation_risk,exact_shapley_wo_simulation,89.0,alpha,Coef. exploracion (alpha),0.0,0.4733333333333334,0.43372560580456077,-0.9153164102690845,0.7298367525557503,0.9914473927637228,0.20237835159032203,4.898979485566356,0.5266666666666666,159,89.0,91.93333333333334,95.0,89.0,1.1062119079520998,0.9914473927637228
3,1236,5,195,soft,curve_stagnation_detected,random_reinjection,random_aggressive,0.3,27 29 28 6 0 13 7 3 10,9,0,89.0,89.0,0.0,89.0,205,rejected_by_acceptance,,,,,False,rejected_by_conditional_acceptance,195.0,neutral,0.0,False,stagnation_risk,exact_shapley_wo_simulation,89.0,alpha,Coef. exploracion (alpha),0.0,0.35,0.18242552380635635,-0.34488334399454995,0.29464574537232635,0.7884496594400773,0.1609416127916133,4.898979485566356,0.65,196,89.0,91.16666666666667,97.0,89.0,0.718525386220216,0.7884496594400773
3,1236,6,240,soft,curve_stagnation_detected,random_reinjection,random_aggressive,0.3,29 28 27 26 25 24 23 22 21,9,0,89.0,89.0,0.0,89.0,250,neutral,89.0,0.0,0.8503042125396302,251.0,True,preserved_best_and_increased_diversity,277.0,neutral,0.0,False,stagnation_risk,exact_shapley_wo_simulation,89.0,alpha,Coef. exploracion (alpha),0.0,0.19999999999999996,0.047425873177566635,-0.3824405352520551,0.8077617544669395,0.4678749939233906,0.09550458321000727,4.898979485566356,0.8,241,89.0,89.0,89.0,89.0,0.8536435743248812,0.4678749939233906
4,1237,1,40,soft,curve_stagnation_detected,random_reinjection,random_aggressive,0.3,29 27 24 20 21 23 16 17 19,9,0,89.0,89.0,0.0,89.0,50,neutral,89.0,0.0,0.042113799512388465,51.0,True,preserved_best_and_increased_diversity,77.0,neutral,0.0,False,stagnation_risk,exact_shapley_wo_simulation,89.0,alpha,Coef. exploracion (alpha),0.0,0.8666666666666667,0.975075573352886,1.5631197168925457,0.1344882619373986,0.6723133224345831,0.13723538226999923,4.898979485566356,0.13333333333333333,41,89.0,92.6,95.0,89.0,0.9974435656728894,0.6723133224345831
4,1237,2,77,soft,curve_stagnation_detected,random_reinjection,random_aggressive,0.3,29 28 27 26 25 24 23 22 21,9,0,95.0,91.0,-4.0,95.0,87,improved,89.0,6.0,0.036513151932159274,88.0,True,improved_population_best,77.0,neutral,0.0,False,stagnation_risk,exact_shapley_wo_simulation,89.0,danger_signal,Senal de peligro,-2.000000000000001,0.7433333333333334,0.919334075010081,-1.45321383974289,0.4784851212545571,0.037165578898387105,0.007586392024683179,4.898979485566356,0.25666666666666665,78,95.0,95.0,95.0,91.0,0.6853803469476322,0.037165578898387105
4,1237,3,113,soft,curve_stagnation_detected,random_reinjection,random_aggressive,0.3,29 28 27 26 25 24 23 22 21,9,0,95.0,92.0,-3.0,95.0,123,improved,89.0,6.0,0.9410915246420217,124.0,True,improved_population_best,77.0,neutral,0.0,False,stagnation_risk,exact_shapley_wo_simulation,89.0,alpha,Coef. exploracion (alpha),0.0,0.6233333333333333,0.7744014530142785,0.9549967907831761,0.014947195045070694,0.04136551650324281,0.008443700698301795,4.898979485566356,0.37666666666666665,114,95.0,95.0,95.0,92.0,0.8383082723612959,0.04136551650324281
4,1237,4,149,soft,curve_stagnation_detected,random_reinjection,random_aggressive,0.3,29 28 27 6 0 13 7 17 19,9,0,89.0,89.0,0.0,89.0,159,rejected_by_acceptance,,,,,False,rejected_by_conditional_acceptance,77.0,neutral,0.0,False,stagnation_risk,exact_shapley_wo_simulation,89.0,alpha,Coef. exploracion (alpha),0.0,0.5033333333333334,0.5083325618141192,0.4234548371833897,0.0012157844577288524,0.9777456672424537,0.19958149858009042,4.898979485566356,0.49666666666666665,150,89.0,91.93333333333334,95.0,89.0,0.9099594974097696,0.9777456672424537
4,1237,5,194,soft,curve_stagnation_detected,random_reinjection,random_aggressive,0.3,27 13 28 26 25 29 23 22 21,9,0,89.0,89.0,0.0,89.0,204,neutral,89.0,0.0,0.7052044837483259,205.0,True,preserved_best_and_increased_diversity,231.0,neutral,0.0,False,stagnation_risk,exact_shapley_wo_simulation,89.0,alpha,Coef. exploracion (alpha),0.0,0.3533333333333334,0.18744979299574116,-0.17378904024152686,0.27308462184922455,0.17841217048692734,0.03641823179961769,4.898979485566356,0.6466666666666666,195,89.0,89.4,95.0,89.0,0.607585770752537,0.17841217048692734
4,1237,6,231,soft,curve_stagnation_detected,random_reinjection,random_aggressive,0.3,29 28 27 26 25 24 23 22 21,9,0,89.0,89.0,0.0,89.0,241,neutral,89.0,0.0,0.7837858415983596,242.0,True,preserved_best_and_increased_diversity,268.0,neutral,0.0,False,stagnation_risk,exact_shapley_wo_simulation,89.0,alpha,Coef. exploracion (alpha),0.0,0.22999999999999998,0.0629733560569965,-0.3834455509368488,0.5012826672691504,0.03460655754679768,0.007064033978659725,4.898979485566356,0.77,232,89.0,89.0,89.0,89.0,0.5828949787052945,0.03460655754679768
5,1238,1,40,soft,curve_stagnation_detected,random_reinjection,random_aggressive,0.3,19 29 27 21 20 28 7 6 13,9,0,89.0,89.0,0.0,89.0,50,neutral,89.0,0.0,1.0411087249562732,51.0,True,preserved_best_and_increased_diversity,77.0,neutral,0.0,False,stagnation_risk,exact_shapley_wo_simulation,89.0,alpha,Coef. exploracion (alpha),0.0,0.8666666666666667,0.975075573352886,-1.4398105066576303,0.3766269694806871,1.116505078405927,0.22790564477672054,4.898979485566356,0.13333333333333333,41,89.0,92.96666666666667,97.0,89.0,1.2060947533463213,1.116505078405927
5,1238,2,77,soft,curve_stagnation_detected,random_reinjection,random_aggressive,0.3,29 26 19 20 21 14 7 6 13,9,0,89.0,89.0,0.0,89.0,87,neutral,89.0,0.0,1.0651605202147418,88.0,True,preserved_best_and_increased_diversity,114.0,neutral,0.0,False,stagnation_risk,exact_shapley_wo_simulation,89.0,alpha,Coef. exploracion (alpha),0.0,0.7433333333333334,0.919334075010081,0.5313697297733168,0.909421180400594,1.056040533064243,0.21556337114201193,4.898979485566356,0.25666666666666665,78,89.0,92.73333333333333,97.0,89.0,1.0633243169549613,1.056040533064243
5,1238,3,114,soft,curve_stagnation_detected,random_reinjection,random_aggressive,0.3,29 28 27 20 0 13 7 6 18,9,0,89.0,89.0,0.0,89.0,124,neutral,89.0,0.0,0.036762869849360606,125.0,True,preserved_best_and_increased_diversity,151.0,neutral,0.0,False,stagnation_risk,exact_shapley_wo_simulation,89.0,alpha,Coef. exploracion (alpha),0.0,0.62,0.7685247834990176,-0.6965331874969836,0.411015095189048,1.0995658180657855,0.224447932738928,4.898979485566356,0.38,115,89.0,92.33333333333333,95.0,89.0,1.1659246645503216,1.0995658180657855
5,1238,4,151,soft,curve_stagnation_detected,random_reinjection,random_aggressive,0.3,19 22 16 10 8 9 3 25 26,9,0,89.0,89.0,0.0,89.0,161,neutral,89.0,0.0,1.0690069487932805,162.0,True,preserved_best_and_increased_diversity,188.0,neutral,0.0,False,stagnation_risk,exact_shapley_wo_simulation,89.0,alpha,Coef. exploracion (alpha),0.0,0.4966666666666667,0.49166743818588066,-0.7881939143881044,0.37347440755066275,0.5900219018272532,0.12043771637860669,4.898979485566356,0.5033333333333333,152,89.0,90.3,95.0,89.0,0.8676478757735883,0.5900219018272532
5,1238,5,188,soft,curve_stagnation_detected,random_reinjection,random_aggressive,0.3,7 29 27 26 25 28 23 22 21,9,0,89.0,89.0,0.0,89.0,198,neutral,89.0,0.0,0.15254876239944243,199.0,True,preserved_best_and_increased_diversity,225.0,neutral,0.0,False,stagnation_risk,exact_shapley_wo_simulation,89.0,alpha,Coef. exploracion (alpha),0.0,0.3733333333333333,0.21982839774068252,-0.14119903856140456,0.7771608715470815,0.1029627356666022,0.021017180408686484,4.898979485566356,0.6266666666666667,189,89.0,89.06666666666666,91.0,89.0,0.6688655823227372,0.1029627356666022
5,1238,6,225,soft,curve_stagnation_detected,random_reinjection,random_aggressive,0.3,29 28 27 26 25 24 23 22 21,9,0,89.0,89.0,0.0,89.0,235,neutral,89.0,0.0,0.03397644266598183,236.0,True,preserved_best_and_increased_diversity,262.0,neutral,0.0,False,stagnation_risk,exact_shapley_wo_simulation,89.0,alpha,Coef. exploracion (alpha),0.0,0.25,0.07585818002124345,-0.10868229985998623,0.595938881610764,0.07607422246108568,0.01552858563405292,4.898979485566356,0.75,226,89.0,89.0,89.0,89.0,0.9057528060477842,0.07607422246108568
6,1239,1,40,soft,curve_stagnation_detected,random_reinjection,random_aggressive,0.3,19 29 27 21 20 28 7 6 13,9,0,89.0,89.0,0.0,89.0,50,neutral,89.0,0.0,1.0069823652444905,51.0,True,preserved_best_and_increased_diversity,77.0,neutral,0.0,False,stagnation_risk,exact_shapley_wo_simulation,89.0,alpha,Coef. exploracion (alpha),0.0,0.8666666666666667,0.975075573352886,-1.3604516019216728,0.14898519179861847,1.0607740554256455,0.21652959734796945,4.898979485566356,0.13333333333333333,41,89.0,92.96666666666667,97.0,89.0,1.0613011949465418,1.0607740554256455
6,1239,2,77,soft,curve_stagnation_detected,random_reinjection,random_aggressive,0.3,26 19 28 27 20 29 21 6 13,9,0,89.0,89.0,0.0,89.0,87,rejected_by_acceptance,,,,,False,rejected_by_conditional_acceptance,77.0,neutral,0.0,False,stagnation_risk,exact_shapley_wo_simulation,89.0,alpha,Coef. exploracion (alpha),0.0,0.7433333333333334,0.919334075010081,0.9827785456956498,0.012429227360807316,1.0618149605554719,0.2167420712178628,4.898979485566356,0.25666666666666665,78,89.0,93.06666666666666,97.0,89.0,0.9606855880029619,1.0618149605554719
6,1239,3,122,soft,curve_stagnation_detected,random_reinjection,random_aggressive,0.3,28 6 27 26 25 29 23 22 21,9,0,89.0,89.0,0.0,89.0,132,neutral,89.0,0.0,0.10219574490340565,133.0,True,preserved_best_and_increased_diversity,159.0,neutral,0.0,False,stagnation_risk,exact_shapley_wo_simulation,89.0,alpha,Coef. exploracion (alpha),0.0,0.5933333333333333,0.71775105695774,-0.31358708997263807,0.6278165617470446,0.2143785879958167,0.043759846030674496,4.898979485566356,0.4066666666666667,123,89.0,89.3,95.0,89.0,0.584271362885655,0.2143785879958167
6,1239,4,159,soft,curve_stagnation_detected,random_reinjection,random_aggressive,0.3,29 27 7 6 0 13 19 17 9,9,0,89.0,89.0,0.0,89.0,169,neutral,89.0,0.0,0.9280017072444583,170.0,True,preserved_best_and_increased_diversity,196.0,neutral,0.0,False,stagnation_risk,exact_shapley_wo_simulation,89.0,alpha,Coef. exploracion (alpha),0.0,0.47,0.42555748318834097,0.8943065731313686,0.4845490438619695,0.9072287657602127,0.18518729634062364,4.898979485566356,0.53,160,89.0,91.73333333333333,95.0,89.0,0.9972202801071616,0.9072287657602127
6,1239,5,196,soft,curve_stagnation_detected,random_reinjection,random_aggressive,0.3,29 28 27 26 25 24 23 22 21,9,0,89.0,89.0,0.0,89.0,206,neutral,89.0,0.0,0.24863977935789044,207.0,True,preserved_best_and_increased_diversity,233.0,neutral,0.0,False,stagnation_risk,exact_shapley_wo_simulation,89.0,alpha,Coef. exploracion (alpha),0.0,0.3466666666666667,0.1775065027120738,0.6397374561671215,0.47298517762384573,0.03380586723358794,0.006900593752880299,4.898979485566356,0.6533333333333333,197,89.0,89.0,89.0,89.0,0.49353597890018425,0.03380586723358794
6,1239,6,233,soft,curve_stagnation_detected,random_reinjection,random_aggressive,0.3,0 29 27 26 25 28 23 22 21,9,0,89.0,89.0,0.0,89.0,243,neutral,89.0,0.0,0.8797253131159805,244.0,True,preserved_best_and_increased_diversity,270.0,neutral,0.0,False,stagnation_risk,exact_shapley_wo_simulation,89.0,alpha,Coef. exploracion (alpha),0.0,0.22333333333333338,0.05915225196352847,-0.3433009189118903,0.34820764708599317,0.10556596293936209,0.021548561950583047,4.898979485566356,0.7766666666666666,234,89.0,89.2,95.0,89.0,0.6211695613943454,0.10556596293936209
7,1240,1,40,soft,curve_stagnation_detected,random_reinjection,random_aggressive,0.3,9 28 13 3 24 5 23 22 21,9,0,89.0,89.0,0.0,89.0,50,neutral,89.0,0.0,0.03636654590354647,51.0,True,preserved_best_and_increased_diversity,77.0,neutral,0.0,False,stagnation_risk,exact_shapley_wo_simulation,89.0,alpha,Coef. exploracion (alpha),0.0,0.8666666666666667,0.975075573352886,-0.9243878712579364,0.15455651647264879,0.4130926316655633,0.08432218034034224,4.898979485566356,0.13333333333333333,41,89.0,89.66666666666667,95.0,89.0,0.514913826349222,0.4130926316655633
7,1240,2,77,soft,curve_stagnation_detected,random_reinjection,random_aggressive,0.3,26 19 28 21 20 29 7 6 13,9,0,89.0,89.0,0.0,89.0,87,rejected_by_acceptance,,,,,False,rejected_by_conditional_acceptance,77.0,neutral,0.0,False,stagnation_risk,exact_shapley_wo_simulation,89.0,alpha,Coef. exploracion (alpha),0.0,0.7433333333333334,0.919334075010081,-1.080416495188339,0.40706291780752446,1.070610690278558,0.21853749202927883,4.898979485566356,0.25666666666666665,78,89.0,92.86666666666666,97.0,89.0,0.9260332626668177,1.070610690278558
7,1240,3,122,soft,curve_stagnation_detected,random_reinjection,random_aggressive,0.3,29 28 27 20 0 13 7 6 18,9,0,89.0,89.0,0.0,89.0,132,rejected_by_acceptance,,,,,False,rejected_by_conditional_acceptance,122.0,rejected,0.0,False,stagnation_risk,exact_shapley_wo_simulation,89.0,alpha,Coef. exploracion (alpha),0.0,0.5933333333333333,0.71775105695774,0.08227972885122739,0.7901858311938798,0.9314416655110082,0.19012973380584122,4.898979485566356,0.4066666666666667,123,89.0,92.33333333333333,95.0,89.0,0.9150288901186879,0.9314416655110082
7,1240,4,167,soft,curve_stagnation_detected,random_reinjection,random_aggressive,0.3,29 28 27 26 25 24 23 22 21,9,0,95.0,89.0,-6.0,95.0,177,improved,89.0,6.0,0.960270719494252,178.0,True,improved_population_best,167.0,rejected,0.0,False,stagnation_risk,exact_shapley_wo_simulation,89.0,alpha,Coef. exploracion (alpha),0.0,0.44333333333333336,0.3620063293390161,-0.4978875582307668,0.5445153119750592,0.03550813034379792,0.007248066755211761,4.898979485566356,0.5566666666666666,168,95.0,95.0,95.0,89.0,0.8096982038374764,0.03550813034379792
7,1240,5,203,soft,curve_stagnation_detected,random_reinjection,random_aggressive,0.3,29 28 7 6 0 13 11 10 9,9,0,89.0,89.0,0.0,89.0,213,neutral,89.0,0.0,0.9333400479285948,214.0,True,preserved_best_and_increased_diversity,240.0,neutral,0.0,False,stagnation_risk,exact_shapley_wo_simulation,89.0,alpha,Coef. exploracion (alpha),0.0,0.32333333333333336,0.14595735144380462,-0.5727186725378454,0.263023230570815,0.8760140576743596,0.17881562073393462,4.898979485566356,0.6766666666666666,204,89.0,91.4,97.0,89.0,1.0198226006764548,0.8760140576743596
7,1240,6,240,soft,curve_stagnation_detected,random_reinjection,random_aggressive,0.3,29 28 27 6 0 13 7 10 9,9,0,89.0,89.0,0.0,89.0,250,rejected_by_acceptance,,,,,False,rejected_by_conditional_acceptance,240.0,neutral,0.0,False,stagnation_risk,exact_shapley_wo_simulation,89.0,alpha,Coef. exploracion (alpha),0.0,0.19999999999999996,0.047425873177566635,0.16202308287577077,0.27047912952157127,0.8846286878449938,0.18057407475400453,4.898979485566356,0.8,241,89.0,91.33333333333333,95.0,89.0,0.8275955433798207,0.8846286878449938
8,1241,1,40,soft,curve_stagnation_detected,random_reinjection,random_aggressive,0.3,19 29 20 21 28 14 7 6 13,9,0,89.0,89.0,0.0,89.0,50,neutral,89.0,0.0,0.03976566678822068,51.0,True,preserved_best_and_increased_diversity,77.0,neutral,0.0,False,stagnation_risk,exact_shapley_wo_simulation,89.0,alpha,Coef. exploracion (alpha),0.0,0.8666666666666667,0.975075573352886,0.6047384882570992,0.7063841856228035,0.9915299209580157,0.2023951975874396,4.898979485566356,0.13333333333333333,41,89.0,92.76666666666667,97.0,89.0,1.0608268096262123,0.9915299209580157
8,1241,2,77,soft,curve_stagnation_detected,random_reinjection,random_aggressive,0.3,28 19 13 22 3 26 24 25 21,9,0,89.0,89.0,0.0,89.0,87,neutral,89.0,0.0,0.6163173312224283,88.0,True,preserved_best_and_increased_diversity,114.0,neutral,0.0,False,stagnation_risk,exact_shapley_wo_simulation,89.0,alpha,Coef. exploracion (alpha),0.0,0.7433333333333334,0.919334075010081,-1.0636783895444164,0.1709729844112221,0.40819817912966083,0.08332310440007289,4.898979485566356,0.25666666666666665,78,89.0,89.8,95.0,89.0,0.5631265608204418,0.40819817912966083
8,1241,3,114,soft,curve_stagnation_detected,random_reinjection,random_aggressive,0.3,6 0 1 27 29 28 23 22 21,9,0,89.0,89.0,0.0,89.0,124,neutral,89.0,0.0,0.03519125941555003,125.0,True,preserved_best_and_increased_diversity,151.0,neutral,0.0,False,stagnation_risk,exact_shapley_wo_simulation,89.0,alpha,Coef. exploracion (alpha),0.0,0.62,0.7685247834990176,-0.33811325104684703,0.8848956155415068,0.3669886734361459,0.07491124927495374,4.898979485566356,0.38,115,89.0,89.5,95.0,89.0,0.7436364828103069,0.3669886734361459
8,1241,4,151,soft,curve_stagnation_detected,random_reinjection,random_aggressive,0.3,29 28 27 26 25 24 23 22 21,9,0,95.0,92.0,-3.0,95.0,161,improved,89.0,6.0,0.8877783992467021,162.0,True,improved_population_best,151.0,neutral,0.0,False,stagnation_risk,exact_shapley_wo_simulation,89.0,alpha,Coef. exploracion (alpha),0.0,0.4966666666666667,0.49166743818588066,0.5948943442687119,0.9494447834304052,0.03478933170716227,0.007101342597914632,4.898979485566356,0.5033333333333333,152,95.0,95.0,95.0,92.0,0.7581191990970368,0.03478933170716227
8,1241,5,187,soft,curve_stagnation_detected,random_reinjection,random_aggressive,0.3,28 27 7 6 0 13 11 10 9,9,0,89.0,89.0,0.0,89.0,197,neutral,89.0,0.0,0.9126468151785542,198.0,True,preserved_best_and_increased_diversity,224.0,neutral,0.0,False,stagnation_risk,exact_shapley_wo_simulation,89.0,alpha,Coef. exploracion (alpha),0.0,0.3766666666666667,0.22559854698572146,0.44403361880920955,0.10613246308253488,0.8940433092488845,0.18249582630075598,4.898979485566356,0.6233333333333333,188,89.0,91.53333333333333,95.0,89.0,0.9747766306579302,0.8940433092488845
8,1241,6,224,soft,curve_stagnation_detected,random_reinjection,random_aggressive,0.3,29 28 27 26 25 24 23 22 21,9,0,89.0,89.0,0.0,89.0,234,neutral,89.0,0.0,0.8825299930231746,235.0,True,preserved_best_and_increased_diversity,261.0,neutral,0.0,False,stagnation_risk,exact_shapley_wo_simulation,89.0,alpha,Coef. exploracion (alpha),0.0,0.2533333333333333,0.07822825945178391,0.36720681298303864,0.6293851757675694,0.03662545408523807,0.007476139508880575,4.898979485566356,0.7466666666666667,225,89.0,89.0,89.0,89.0,0.4161624186066616,0.03662545408523807
9,1242,1,40,soft,curve_stagnation_detected,random_reinjection,random_aggressive,0.3,29 28 27 26 25 24 23 22 21,9,0,95.0,89.0,-6.0,95.0,50,improved,89.0,6.0,1.0706098617123112,51.0,True,improved_population_best,,,0.0,False,stagnation_risk,exact_shapley_wo_simulation,89.0,diversity,Diversidad poblacional,0.49999999999999994,0.8666666666666667,0.975075573352886,1.1913145439256687,0.6273343020290694,0.03913628795085736,0.0079886613255195,4.898979485566356,0.13333333333333333,41,95.0,95.0,95.0,89.0,0.6529768017191555,0.03913628795085736
9,1242,2,76,soft,curve_stagnation_detected,random_reinjection,random_aggressive,0.3,26 27 20 23 10 12 6 5 2,9,0,89.0,89.0,0.0,89.0,86,neutral,89.0,0.0,0.6339563484514328,87.0,True,preserved_best_and_increased_diversity,113.0,neutral,0.0,False,stagnation_risk,exact_shapley_wo_simulation,89.0,alpha,Coef. exploracion (alpha),0.0,0.7466666666666666,0.921771740548216,0.4484647124249595,0.34308535058992984,0.8331754118871413,0.1700712187797252,4.898979485566356,0.25333333333333335,77,89.0,90.9,95.0,89.0,1.0079247544674355,0.8331754118871413
9,1242,3,113,soft,curve_stagnation_detected,random_reinjection,random_aggressive,0.3,29 28 27 20 0 13 7 6 18,9,0,89.0,89.0,0.0,89.0,123,rejected_by_acceptance,,,,,False,rejected_by_conditional_acceptance,113.0,neutral,0.0,False,stagnation_risk,exact_shapley_wo_simulation,89.0,alpha,Coef. exploracion (alpha),0.0,0.6233333333333333,0.7744014530142785,-0.5510328725545857,0.31074584607598255,1.1434308052575937,0.23340183575506546,4.898979485566356,0.37666666666666665,114,89.0,92.33333333333333,95.0,89.0,1.0227569298724584,1.1434308052575937
9,1242,4,158,soft,curve_stagnation_detected,random_reinjection,random_aggressive,0.3,1 3 5 14 21 29 24 23 22,9,0,89.0,89.0,0.0,89.0,168,neutral,89.0,0.0,1.0659871187361676,169.0,True,preserved_best_and_increased_diversity,195.0,neutral,0.0,False,stagnation_risk,exact_shapley_wo_simulation,89.0,alpha,Coef. exploracion (alpha),0.0,0.4733333333333334,0.43372560580456077,-0.2928700870051948,0.13824602101864092,0.6713474260936825,0.13703821950503026,4.898979485566356,0.5266666666666666,159,89.0,89.7,95.0,89.0,0.9616941395648065,0.6713474260936825
9,1242,5,195,soft,curve_stagnation_detected,random_reinjection,random_aggressive,0.3,0 3 27 26 29 28 23 22 21,9,0,89.0,89.0,0.0,89.0,205,neutral,89.0,0.0,1.0928741167152334,206.0,True,preserved_best_and_increased_diversity,232.0,neutral,0.0,False,stagnation_risk,exact_shapley_wo_simulation,89.0,alpha,Coef. exploracion (alpha),0.0,0.35,0.18242552380635635,-0.18805514213903046,0.7661807611589568,0.5395657478955846,0.11013839708561407,4.898979485566356,0.65,196,89.0,89.3,95.0,89.0,0.8664576225008643,0.5395657478955846
9,1242,6,232,soft,curve_stagnation_detected,random_reinjection,random_aggressive,0.3,29 28 27 26 25 24 23 22 21,9,0,89.0,89.0,0.0,89.0,242,neutral,89.0,0.0,0.492110407375919,243.0,True,preserved_best_and_increased_diversity,269.0,neutral,0.0,False,stagnation_risk,exact_shapley_wo_simulation,89.0,alpha,Coef. exploracion (alpha),0.0,0.22666666666666668,0.061034851072992,0.038861697167918555,0.5895141049155668,0.48951957667446383,0.0999227651629719,4.898979485566356,0.7733333333333333,233,89.0,89.0,89.0,89.0,0.9090883788862929,0.48951957667446383
10,1243,1,40,soft,curve_stagnation_detected,random_reinjection,random_aggressive,0.3,29 28 27 26 25 24 23 22 21,9,0,95.0,92.0,-3.0,95.0,50,improved,89.0,6.0,0.03739997435293134,51.0,True,improved_population_best,,,0.0,False,stagnation_risk,exact_shapley_wo_simulation,91.0,diversity,Diversidad poblacional,1.6666666666666665,0.8666666666666667,0.975075573352886,-1.2287528597966604,0.3097270745640692,0.04239061552268372,0.008652948159423263,4.898979485566356,0.13333333333333333,41,95.0,95.0,95.0,92.0,0.7493057172344556,0.04239061552268372
10,1243,2,76,soft,curve_stagnation_detected,random_reinjection,random_aggressive,0.3,26 19 28 27 20 29 21 6 13,9,0,89.0,89.0,0.0,89.0,86,neutral,89.0,0.0,0.7361308448940598,87.0,True,preserved_best_and_increased_diversity,113.0,neutral,0.0,False,stagnation_risk,exact_shapley_wo_simulation,89.0,alpha,Coef. exploracion (alpha),0.0,0.7466666666666666,0.921771740548216,0.37787651877935585,0.4570555402365126,1.014166018883904,0.2070157717279478,4.898979485566356,0.25333333333333335,77,89.0,93.06666666666666,97.0,89.0,1.2154537364445466,1.014166018883904
10,1243,3,113,soft,curve_stagnation_detected,random_reinjection,random_aggressive,0.3,28 27 20 6 0 13 7 23 18,9,0,89.0,89.0,0.0,89.0,123,neutral,89.0,0.0,0.9499617960138788,124.0,True,preserved_best_and_increased_diversity,150.0,neutral,0.0,False,stagnation_risk,exact_shapley_wo_simulation,89.0,alpha,Coef. exploracion (alpha),0.0,0.6233333333333333,0.7744014530142785,-0.3180010327043921,0.6728438131540345,0.9635550640407523,0.19668485383121762,4.898979485566356,0.37666666666666665,114,89.0,92.13333333333334,95.0,89.0,0.9991657596345171,0.9635550640407523
10,1243,4,150,soft,curve_stagnation_detected,random_reinjection,random_aggressive,0.3,6 12 27 26 29 28 23 22 21,9,0,89.0,89.0,0.0,89.0,160,neutral,89.0,0.0,0.9390570882756859,161.0,True,preserved_best_and_increased_diversity,187.0,neutral,0.0,False,stagnation_risk,exact_shapley_wo_simulation,89.0,alpha,Coef. exploracion (alpha),0.0,0.5,0.5,0.4552563969358292,0.9713225875833879,0.5637440976554721,0.11507378206346977,4.898979485566356,0.5,151,89.0,89.4,95.0,89.0,0.9337807779907106,0.5637440976554721
10,1243,5,187,soft,curve_stagnation_detected,random_reinjection,random_aggressive,0.3,29 28 27 6 0 13 7 10 9,9,0,89.0,89.0,0.0,89.0,197,neutral,89.0,0.0,0.9081529746077057,198.0,True,preserved_best_and_increased_diversity,224.0,neutral,0.0,False,stagnation_risk,exact_shapley_wo_simulation,89.0,alpha,Coef. exploracion (alpha),0.0,0.3766666666666667,0.22559854698572146,-0.5755437374995779,0.34666886807724484,0.963033522452466,0.19657839460030577,4.898979485566356,0.6233333333333333,188,89.0,91.73333333333333,95.0,89.0,1.0039851932643877,0.963033522452466
10,1243,6,224,soft,curve_stagnation_detected,random_reinjection,random_aggressive,0.3,29 28 27 26 25 24 23 22 21,9,0,89.0,89.0,0.0,89.0,234,neutral,89.0,0.0,0.811423352537651,235.0,True,preserved_best_and_increased_diversity,261.0,neutral,0.0,False,stagnation_risk,exact_shapley_wo_simulation,89.0,alpha,Coef. exploracion (alpha),0.0,0.2533333333333333,0.07822825945178391,0.4912454660904812,0.16806129568301287,0.45909306971590996,0.09371198043766367,4.898979485566356,0.7466666666666667,225,89.0,89.0,89.0,89.0,0.9039971436178498,0.45909306971590996
11,1244,1,40,soft,curve_stagnation_detected,random_reinjection,random_aggressive,0.3,28 27 24 20 21 13 9 18 23,9,0,89.0,89.0,0.0,89.0,50,neutral,89.0,0.0,0.03798676494159083,51.0,True,preserved_best_and_increased_diversity,77.0,neutral,0.0,False,stagnation_risk,exact_shapley_wo_simulation,89.0,alpha,Coef. exploracion (alpha),0.0,0.8666666666666667,0.975075573352886,-0.011514369645985609,0.5820508136039313,0.965284829488927,0.197037940724778,4.898979485566356,0.13333333333333333,41,89.0,90.93333333333334,95.0,89.0,0.9884446755709967,0.965284829488927
11,1244,2,77,soft,curve_stagnation_detected,random_reinjection,random_aggressive,0.3,26 19 28 27 20 29 21 6 13,9,0,89.0,89.0,0.0,89.0,87,neutral,89.0,0.0,1.073467878993638,88.0,True,preserved_best_and_increased_diversity,114.0,neutral,0.0,False,stagnation_risk,exact_shapley_wo_simulation,89.0,alpha,Coef. exploracion (alpha),0.0,0.7433333333333334,0.919334075010081,0.43738904403082385,0.08258840721377203,1.0916901770771188,0.22284032425396283,4.898979485566356,0.25666666666666665,78,89.0,93.06666666666666,97.0,89.0,1.2084038708782407,1.0916901770771188
11,1244,3,114,soft,curve_stagnation_detected,random_reinjection,random_aggressive,0.3,29 28 27 26 25 24 23 22 21,9,0,95.0,89.0,-6.0,95.0,124,improved,89.0,6.0,1.1266218996427249,125.0,True,improved_population_best,114.0,neutral,0.0,False,stagnation_risk,exact_shapley_wo_simulation,89.0,alpha,Coef. exploracion (alpha),0.0,0.62,0.7685247834990176,0.13187226525874798,0.7176916590986534,0.0366682081796655,0.00748486665186074,4.898979485566356,0.38,115,95.0,95.0,95.0,89.0,0.6432392067325058,0.0366682081796655
11,1244,4,150,soft,curve_stagnation_detected,random_reinjection,random_aggressive,0.3,29 28 27 26 25 24 23 22 21,9,0,89.0,89.0,0.0,89.0,160,neutral,89.0,0.0,1.1042273918067131,161.0,True,preserved_best_and_increased_diversity,187.0,neutral,0.0,False,stagnation_risk,exact_shapley_wo_simulation,89.0,alpha,Coef. exploracion (alpha),0.0,0.5,0.5,-0.7536118576344815,0.20894791122746137,0.4765404255666354,0.09727340703725033,4.898979485566356,0.5,151,89.0,89.0,89.0,89.0,0.9073184844997649,0.4765404255666354
11,1244,5,187,soft,curve_stagnation_detected,random_reinjection,random_aggressive,0.3,5 29 27 26 25 28 23 22 21,9,0,89.0,89.0,0.0,89.0,197,neutral,89.0,0.0,1.0676758403240385,198.0,True,preserved_best_and_increased_diversity,224.0,neutral,0.0,False,stagnation_risk,exact_shapley_wo_simulation,89.0,alpha,Coef. exploracion (alpha),0.0,0.3766666666666667,0.22559854698572146,-0.7024554826494059,0.36522246810347436,0.46423350308446754,0.09476126700514219,4.898979485566356,0.6233333333333333,188,89.0,89.06666666666666,91.0,89.0,0.9347874426552257,0.46423350308446754
11,1244,6,224,soft,curve_stagnation_detected,random_reinjection,random_aggressive,0.3,0 29 27 26 25 28 23 22 21,9,0,89.0,89.0,0.0,89.0,234,neutral,89.0,0.0,1.1087106385320549,235.0,True,preserved_best_and_increased_diversity,261.0,neutral,0.0,False,stagnation_risk,exact_shapley_wo_simulation,89.0,alpha,Coef. exploracion (alpha),0.0,0.2533333333333333,0.07822825945178391,0.1519862214410868,0.023571634149652132,0.523462469740505,0.10685132919677641,4.898979485566356,0.7466666666666667,225,89.0,89.2,95.0,89.0,0.7164076678109746,0.523462469740505
12,1245,1,40,soft,curve_stagnation_detected,random_reinjection,random_aggressive,0.3,29 28 27 26 25 24 23 22 21,9,0,95.0,91.0,-4.0,95.0,50,improved,89.0,6.0,1.0552499308095329,51.0,True,improved_population_best,,,0.0,False,stagnation_risk,exact_shapley_wo_simulation,89.0,alpha,Coef. exploracion (alpha),0.0,0.8666666666666667,0.975075573352886,1.382562356523666,0.1473838105217311,0.03751295258428774,0.007657299381393711,4.898979485566356,0.13333333333333333,41,95.0,95.0,95.0,91.0,0.5561424752106101,0.03751295258428774
12,1245,2,76,soft,curve_stagnation_detected,random_reinjection,random_aggressive,0.3,26 27 19 28 20 29 21 6 13,9,0,89.0,89.0,0.0,89.0,86,neutral,89.0,0.0,0.983827410301985,87.0,True,preserved_best_and_increased_diversity,113.0,neutral,0.0,False,stagnation_risk,exact_shapley_wo_simulation,89.0,alpha,Coef. exploracion (alpha),0.0,0.7466666666666666,0.921771740548216,-0.10780009565992524,0.6600810712930799,1.0718250598778893,0.21878537418573799,4.898979485566356,0.25333333333333335,77,89.0,93.13333333333334,97.0,89.0,1.0782850713130645,1.0718250598778893
12,1245,3,113,soft,curve_stagnation_detected,random_reinjection,random_aggressive,0.3,29 28 27 20 0 13 7 6 18,9,0,89.0,89.0,0.0,89.0,123,rejected_by_acceptance,,,,,False,rejected_by_conditional_acceptance,113.0,neutral,0.0,False,stagnation_risk,exact_shapley_wo_simulation,89.0,alpha,Coef. exploracion (alpha),0.0,0.6233333333333333,0.7744014530142785,0.3561628687777921,0.9547309057300386,0.9872097361371001,0.2015133435536262,4.898979485566356,0.37666666666666665,114,89.0,92.33333333333333,95.0,89.0,0.8662554095921421,0.9872097361371001
12,1245,4,158,soft,curve_stagnation_detected,random_reinjection,random_aggressive,0.3,29 27 7 6 0 13 19 17 9,9,0,89.0,89.0,0.0,89.0,168,neutral,89.0,0.0,0.6137671560780364,169.0,True,preserved_best_and_increased_diversity,195.0,neutral,0.0,False,stagnation_risk,exact_shapley_wo_simulation,89.0,alpha,Coef. exploracion (alpha),0.0,0.4733333333333334,0.43372560580456077,0.18040846726776885,0.016421963465389156,0.9439071935605756,0.19267424906382383,4.898979485566356,0.5266666666666666,159,89.0,91.8,97.0,89.0,0.977266836950626,0.9439071935605756
12,1245,5,195,soft,curve_stagnation_detected,random_reinjection,random_aggressive,0.3,29 28 27 26 25 24 23 22 21,9,0,95.0,89.0,-6.0,95.0,205,improved,89.0,6.0,0.8935835754315515,206.0,True,improved_population_best,195.0,neutral,0.0,False,stagnation_risk,exact_shapley_wo_simulation,89.0,alpha,Coef. exploracion (alpha),0.0,0.35,0.18242552380635635,0.6192742460130924,0.4484015318952439,0.03354673539937328,0.0068476986887188495,4.898979485566356,0.65,196,95.0,95.0,95.0,89.0,0.8225038976115541,0.03354673539937328
12,1245,6,231,soft,curve_stagnation_detected,random_reinjection,random_aggressive,0.3,29 28 27 6 0 13 7 10 9,9,0,89.0,89.0,0.0,89.0,241,neutral,89.0,0.0,0.8336994871313774,242.0,True,preserved_best_and_increased_diversity,268.0,neutral,0.0,False,stagnation_risk,exact_shapley_wo_simulation,89.0,alpha,Coef. exploracion (alpha),0.0,0.22999999999999998,0.0629733560569965,0.3129657588690708,0.4265705449074353,0.8551254976737453,0.17455176127868333,4.898979485566356,0.77,232,89.0,91.33333333333333,95.0,89.0,0.9042249508890621,0.8551254976737453
13,1246,1,40,soft,curve_stagnation_detected,random_reinjection,random_aggressive,0.3,20 9 6 0 18 23 24 25 26,9,0,89.0,89.0,0.0,89.0,50,neutral,89.0,0.0,0.04009404007743937,51.0,True,preserved_best_and_increased_diversity,77.0,neutral,0.0,False,stagnation_risk,exact_shapley_wo_simulation,89.0,alpha,Coef. exploracion (alpha),0.0,0.8666666666666667,0.975075573352886,-0.8479910915683647,0.6264515492750488,0.5435348454559041,0.11094858573245643,4.898979485566356,0.13333333333333333,41,89.0,90.0,95.0,89.0,0.8417954915622096,0.5435348454559041
13,1246,2,77,soft,curve_stagnation_detected,random_reinjection,random_aggressive,0.3,26 19 28 27 20 29 21 6 13,9,0,89.0,89.0,0.0,89.0,87,neutral,89.0,0.0,1.1120574325819446,88.0,True,preserved_best_and_increased_diversity,114.0,neutral,0.0,False,stagnation_risk,exact_shapley_wo_simulation,89.0,alpha,Coef. exploracion (alpha),0.0,0.7433333333333334,0.919334075010081,0.6251987094915368,0.15227286660600925,1.16948509131415,0.23872014462598823,4.898979485566356,0.25666666666666665,78,89.0,93.06666666666666,97.0,89.0,1.2319850681361628,1.16948509131415
13,1246,3,114,soft,curve_stagnation_detected,random_reinjection,random_aggressive,0.3,29 28 27 20 0 13 7 6 18,9,0,89.0,89.0,0.0,89.0,124,neutral,89.0,0.0,0.034632688726517445,125.0,True,preserved_best_and_increased_diversity,151.0,neutral,0.0,False,stagnation_risk,exact_shapley_wo_simulation,89.0,alpha,Coef. exploracion (alpha),0.0,0.62,0.7685247834990176,-0.8780498193524743,0.9399060788938935,1.0971084869752459,0.22394633213051976,4.898979485566356,0.38,115,89.0,92.33333333333333,95.0,89.0,1.1016384206271155,1.0971084869752459
13,1246,4,151,soft,curve_stagnation_detected,random_reinjection,random_aggressive,0.3,7 6 1 11 28 27 23 22 21,9,0,89.0,89.0,0.0,89.0,161,neutral,89.0,0.0,1.1078385732686142,162.0,True,preserved_best_and_increased_diversity,188.0,neutral,0.0,False,stagnation_risk,exact_shapley_wo_simulation,89.0,alpha,Coef. exploracion (alpha),0.0,0.4966666666666667,0.49166743818588066,0.16324016748284206,0.13284922207055871,0.6055980134970963,0.12361717685925051,4.898979485566356,0.5033333333333333,152,89.0,89.8,95.0,89.0,0.9298893940148314,0.6055980134970963
13,1246,5,188,soft,curve_stagnation_detected,random_reinjection,random_aggressive,0.3,29 28 27 6 0 13 7 10 9,9,0,89.0,89.0,0.0,89.0,198,neutral,89.0,0.0,0.13044778669686932,199.0,True,preserved_best_and_increased_diversity,225.0,neutral,0.0,False,stagnation_risk,exact_shapley_wo_simulation,89.0,alpha,Coef. exploracion (alpha),0.0,0.3733333333333333,0.21982839774068252,-0.719836437003891,0.1984263926712827,1.0624219539410877,0.21686597322386306,4.898979485566356,0.6266666666666667,189,89.0,91.73333333333333,95.0,89.0,1.0973841792593284,1.0624219539410877
13,1246,6,225,soft,curve_stagnation_detected,random_reinjection,random_aggressive,0.3,29 28 27 6 0 13 7 10 9,9,0,89.0,89.0,0.0,89.0,235,rejected_by_acceptance,,,,,False,rejected_by_conditional_acceptance,225.0,neutral,0.0,False,stagnation_risk,exact_shapley_wo_simulation,89.0,alpha,Coef. exploracion (alpha),0.0,0.25,0.07585818002124345,0.09437004031600404,0.32126063865066556,1.1479979753731016,0.23433410545102235,4.898979485566356,0.75,226,89.0,91.33333333333333,95.0,89.0,1.0744270587537306,1.1479979753731016
14,1247,1,40,soft,curve_stagnation_detected,random_reinjection,random_aggressive,0.3,29 28 27 26 25 24 23 22 21,9,0,95.0,89.0,-6.0,95.0,50,improved,89.0,6.0,0.284974339988809,51.0,True,improved_population_best,,,0.0,False,stagnation_risk,exact_shapley_wo_simulation,95.0,danger_signal,Senal de peligro,2.7666666666666666,0.8666666666666667,0.975075573352886,-1.3548693366704914,0.21575538747567147,0.036513421778753954,0.007453271010081143,4.898979485566356,0.13333333333333333,41,95.0,95.0,95.0,89.0,0.7237339344566086,0.036513421778753954
14,1247,2,76,soft,curve_stagnation_detected,random_reinjection,random_aggressive,0.3,26 19 28 27 20 29 21 6 13,9,0,89.0,89.0,0.0,89.0,86,neutral,89.0,0.0,0.04054336012996551,87.0,True,preserved_best_and_increased_diversity,113.0,neutral,0.0,False,stagnation_risk,exact_shapley_wo_simulation,89.0,alpha,Coef. exploracion (alpha),0.0,0.7466666666666666,0.921771740548216,-1.2273817768664796,0.9465900272744592,1.0152525139532407,0.20723755160527488,4.898979485566356,0.25333333333333335,77,89.0,93.06666666666666,97.0,89.0,1.1342548986384269,1.0152525139532407
14,1247,3,113,soft,curve_stagnation_detected,random_reinjection,random_aggressive,0.3,27 26 28 29 25 24 23 22 21,9,0,89.0,89.0,0.0,89.0,123,neutral,89.0,0.0,0.03644373864611142,124.0,True,preserved_best_and_increased_diversity,150.0,neutral,0.0,False,stagnation_risk,exact_shapley_wo_simulation,89.0,alpha,Coef. exploracion (alpha),0.0,0.6233333333333333,0.7744014530142785,-0.8262199726671916,0.9970201044813104,0.19858117062471894,0.04053521171292711,4.898979485566356,0.37666666666666665,114,89.0,89.36666666666666,95.0,89.0,0.6288630393003628,0.19858117062471894
14,1247,4,150,soft,curve_stagnation_detected,random_reinjection,random_aggressive,0.3,29 27 7 6 0 13 19 17 9,9,0,89.0,89.0,0.0,89.0,160,neutral,89.0,0.0,0.17234930924813782,161.0,True,preserved_best_and_increased_diversity,187.0,neutral,0.0,False,stagnation_risk,exact_shapley_wo_simulation,89.0,alpha,Coef. exploracion (alpha),0.0,0.5,0.5,-0.7348655189174584,0.4412851494829839,0.9911839380630395,0.2023245741247377,4.898979485566356,0.5,151,89.0,91.73333333333333,95.0,89.0,1.0508464942139832,0.9911839380630395
14,1247,5,187,soft,curve_stagnation_detected,random_reinjection,random_aggressive,0.3,29 28 27 6 0 13 7 10 9,9,0,89.0,89.0,0.0,89.0,197,neutral,89.0,0.0,0.10373489695201864,198.0,True,preserved_best_and_increased_diversity,224.0,neutral,0.0,False,stagnation_risk,exact_shapley_wo_simulation,89.0,alpha,Coef. exploracion (alpha),0.0,0.3766666666666667,0.22559854698572146,-0.4391053955068532,0.8054678601796945,0.9133239374746039,0.1864314680568656,4.898979485566356,0.6233333333333333,188,89.0,91.73333333333333,95.0,89.0,1.1077159430390524,0.9133239374746039
14,1247,6,224,soft,curve_stagnation_detected,random_reinjection,random_aggressive,0.3,29 28 27 6 0 13 7 10 9,9,0,89.0,89.0,0.0,89.0,234,neutral,89.0,0.0,0.03662529030779433,235.0,True,preserved_best_and_increased_diversity,261.0,neutral,0.0,False,stagnation_risk,exact_shapley_wo_simulation,89.0,alpha,Coef. exploracion (alpha),0.0,0.2533333333333333,0.07822825945178391,0.39845440342111066,0.5415389563356471,0.8764687967871915,0.17890844396664496,4.898979485566356,0.7466666666666667,225,89.0,91.33333333333333,95.0,89.0,0.8778471396114215,0.8764687967871915
15,1248,1,40,soft,curve_stagnation_detected,random_reinjection,random_aggressive,0.3,29 28 27 26 25 24 23 22 21,9,0,95.0,89.0,-6.0,95.0,50,improved,89.0,6.0,1.1704359363703145,51.0,True,improved_population_best,,,0.0,False,stagnation_risk,exact_shapley_wo_simulation,89.0,safety_signal,Senal de seguridad,0.3333333333333333,0.8666666666666667,0.975075573352886,-0.2490892931650974,0.4965368754700529,0.0365678123659062,0.007464373442192258,4.898979485566356,0.13333333333333333,41,95.0,95.0,95.0,89.0,0.7147164898893337,0.0365678123659062
15,1248,2,76,soft,curve_stagnation_detected,random_reinjection,random_aggressive,0.3,26 19 28 27 20 29 21 6 13,9,0,89.0,89.0,0.0,89.0,86,rejected_by_acceptance,,,,,False,rejected_by_conditional_acceptance,,,0.0,False,stagnation_risk,exact_shapley_wo_simulation,89.0,alpha,Coef. exploracion (alpha),0.0,0.7466666666666666,0.921771740548216,-0.8088327639282538,0.8546695942394106,1.175305725447849,0.23990827659323735,4.898979485566356,0.25333333333333335,77,89.0,93.06666666666666,97.0,89.0,1.1242287587519832,1.175305725447849
15,1248,3,121,soft,curve_stagnation_detected,random_reinjection,random_aggressive,0.3,23 11 12 26 27 29 24 22 21,9,0,89.0,89.0,0.0,89.0,131,neutral,89.0,0.0,1.1013001177890565,132.0,True,preserved_best_and_increased_diversity,158.0,neutral,0.0,False,stagnation_risk,exact_shapley_wo_simulation,89.0,alpha,Coef. exploracion (alpha),0.0,0.5966666666666667,0.7244545954248021,0.05946642430765429,0.9283931077429989,0.606594796067277,0.12382064424937073,4.898979485566356,0.4033333333333333,122,89.0,89.26666666666667,92.0,89.0,0.8174582299090996,0.606594796067277
15,1248,4,158,soft,curve_stagnation_detected,random_reinjection,random_aggressive,0.3,13 11 0 3 29 28 23 22 21,9,0,89.0,89.0,0.0,89.0,168,neutral,89.0,0.0,0.5422470311531338,169.0,True,preserved_best_and_increased_diversity,195.0,neutral,0.0,False,stagnation_risk,exact_shapley_wo_simulation,89.0,alpha,Coef. exploracion (alpha),0.0,0.4733333333333334,0.43372560580456077,-0.714398376859712,0.19664212119148494,0.5887226890156276,0.12017251567395923,4.898979485566356,0.5266666666666666,159,89.0,89.56666666666666,95.0,89.0,0.8139662432085253,0.5887226890156276
15,1248,5,195,soft,curve_stagnation_detected,random_reinjection,random_aggressive,0.3,29 27 7 6 0 13 11 10 9,9,0,89.0,89.0,0.0,89.0,205,rejected_by_acceptance,,,,,False,rejected_by_conditional_acceptance,195.0,neutral,0.0,False,stagnation_risk,exact_shapley_wo_simulation,89.0,alpha,Coef. exploracion (alpha),0.0,0.35,0.18242552380635635,0.1433054315667871,0.5090684043046424,1.051897182937576,0.21471761333900943,4.898979485566356,0.65,196,89.0,91.53333333333333,95.0,89.0,1.0216256006909,1.051897182937576
15,1248,6,240,soft,curve_stagnation_detected,random_reinjection,random_aggressive,0.3,27 29 28 6 0 13 7 10 9,9,0,89.0,89.0,0.0,89.0,250,neutral,89.0,0.0,0.491860556293199,251.0,True,preserved_best_and_increased_diversity,277.0,neutral,0.0,False,stagnation_risk,exact_shapley_wo_simulation,89.0,alpha,Coef. exploracion (alpha),0.0,0.19999999999999996,0.047425873177566635,-0.3826882687568154,0.23180341740800448,1.121475328007855,0.22892019272830347,4.898979485566356,0.8,241,89.0,91.4,97.0,89.0,1.2399407753702072,1.121475328007855
16,1249,1,40,soft,curve_stagnation_detected,random_reinjection,random_aggressive,0.3,29 28 27 26 25 24 23 22 21,9,0,95.0,91.0,-4.0,95.0,50,improved,89.0,6.0,1.0283835176524867,51.0,True,improved_population_best,,,0.0,False,stagnation_risk,exact_shapley_wo_simulation,89.0,alpha,Coef. exploracion (alpha),0.0,0.8666666666666667,0.975075573352886,-1.244199763209161,0.9546851824688964,0.03591486380846958,0.007331090876025086,4.898979485566356,0.13333333333333333,41,95.0,95.0,95.0,91.0,0.5751152744926347,0.03591486380846958
16,1249,2,76,soft,curve_stagnation_detected,random_reinjection,random_aggressive,0.3,26 19 28 21 20 29 7 6 13,9,0,89.0,89.0,0.0,89.0,86,rejected_by_acceptance,,,,,False,rejected_by_conditional_acceptance,,,0.0,False,stagnation_risk,exact_shapley_wo_simulation,89.0,alpha,Coef. exploracion (alpha),0.0,0.7466666666666666,0.921771740548216,-0.35097237605661086,0.8535140909046327,1.047032364049136,0.2137245863416984,4.898979485566356,0.25333333333333335,77,89.0,92.86666666666666,97.0,89.0,0.9427811691437271,1.047032364049136
16,1249,3,121,soft,curve_stagnation_detected,random_reinjection,random_aggressive,0.3,29 28 27 20 0 13 7 6 18,9,0,89.0,89.0,0.0,89.0,131,neutral,89.0,0.0,0.9506378161074048,132.0,True,preserved_best_and_increased_diversity,158.0,neutral,0.0,False,stagnation_risk,exact_shapley_wo_simulation,89.0,alpha,Coef. exploracion (alpha),0.0,0.5966666666666667,0.7244545954248021,0.15848506700370757,0.3668337890489862,0.9397859327745983,0.19183300022860836,4.898979485566356,0.4033333333333333,122,89.0,92.33333333333333,95.0,89.0,1.0349190762531097,0.9397859327745983
16,1249,4,158,soft,curve_stagnation_detected,random_reinjection,random_aggressive,0.3,15 8 5 27 29 28 23 22 21,9,0,89.0,89.0,0.0,89.0,168,neutral,89.0,0.0,0.950496013474915,169.0,True,preserved_best_and_increased_diversity,195.0,neutral,0.0,False,stagnation_risk,exact_shapley_wo_simulation,89.0,alpha,Coef. exploracion (alpha),0.0,0.4733333333333334,0.43372560580456077,0.23260436196996984,0.4076054010194907,0.33877361649280424,0.06915187489372385,4.898979485566356,0.5266666666666666,159,89.0,89.36666666666666,95.0,89.0,0.7013059620706076,0.33877361649280424
16,1249,5,195,soft,curve_stagnation_detected,random_reinjection,random_aggressive,0.3,27 7 11 26 28 29 23 22 21,9,0,89.0,89.0,0.0,89.0,205,neutral,89.0,0.0,0.9470827294496017,206.0,True,preserved_best_and_increased_diversity,232.0,neutral,0.0,False,stagnation_risk,exact_shapley_wo_simulation,89.0,alpha,Coef. exploracion (alpha),0.0,0.35,0.18242552380635635,0.37045580590704347,0.6748225253970196,0.23037179155917584,0.04702444503756546,4.898979485566356,0.65,196,89.0,89.5,95.0,89.0,0.7037023788539091,0.23037179155917584
16,1249,6,232,soft,curve_stagnation_detected,random_reinjection,random_aggressive,0.3,29 28 27 26 25 24 23 22 21,9,0,89.0,89.0,0.0,89.0,242,neutral,89.0,0.0,0.8835100600683439,243.0,True,preserved_best_and_increased_diversity,269.0,neutral,0.0,False,stagnation_risk,exact_shapley_wo_simulation,89.0,alpha,Coef. exploracion (alpha),0.0,0.22666666666666668,0.061034851072992,0.34761944725605315,0.2680396811671778,0.03776059819077923,0.0077078498291392305,4.898979485566356,0.7733333333333333,233,89.0,89.0,89.0,89.0,0.7176068931349309,0.03776059819077923
17,1250,1,40,soft,curve_stagnation_detected,random_reinjection,random_aggressive,0.3,16 7 26 29 20 27 21 0 14,9,0,91.0,89.0,-2.0,91.0,50,improved,89.0,2.0,0.039638657529696274,51.0,True,improved_population_best,,,0.0,False,stagnation_risk,exact_shapley_wo_simulation,91.0,danger_signal,Senal de peligro,1.0,0.8666666666666667,0.975075573352886,0.55855991047361,0.21026721910520052,1.0166611910042849,0.20752509660422713,4.898979485566356,0.13333333333333333,41,91.0,93.4,98.0,89.0,0.9867391317914573,1.0166611910042849
17,1250,2,76,soft,curve_stagnation_detected,random_reinjection,random_aggressive,0.3,26 19 28 27 20 29 21 6 13,9,0,89.0,89.0,0.0,89.0,86,neutral,89.0,0.0,1.0038462144291862,87.0,True,preserved_best_and_increased_diversity,113.0,neutral,0.0,False,stagnation_risk,exact_shapley_wo_simulation,89.0,alpha,Coef. exploracion (alpha),0.0,0.7466666666666666,0.921771740548216,-1.4630427153642822,0.7050004686100547,1.064399704829569,0.217269679933456,4.898979485566356,0.25333333333333335,77,89.0,93.06666666666666,97.0,89.0,1.120687063559767,1.064399704829569
17,1250,3,113,soft,curve_stagnation_detected,random_reinjection,random_aggressive,0.3,29 28 27 20 0 13 7 6 18,9,0,89.0,89.0,0.0,89.0,123,neutral,89.0,0.0,0.7999377829751763,124.0,True,preserved_best_and_increased_diversity,150.0,neutral,0.0,False,stagnation_risk,exact_shapley_wo_simulation,89.0,alpha,Coef. exploracion (alpha),0.0,0.6233333333333333,0.7744014530142785,0.8916725606755943,0.29227908860901985,0.9380056083527677,0.19146959302776664,4.898979485566356,0.37666666666666665,114,89.0,92.33333333333333,95.0,89.0,0.972274419305299,0.9380056083527677
17,1250,4,150,soft,curve_stagnation_detected,random_reinjection,random_aggressive,0.3,29 28 7 6 0 13 19 17 9,9,0,89.0,89.0,0.0,89.0,160,rejected_by_acceptance,,,,,False,rejected_by_conditional_acceptance,150.0,neutral,0.0,False,stagnation_risk,exact_shapley_wo_simulation,89.0,alpha,Coef. exploracion (alpha),0.0,0.5,0.5,0.799336946846638,0.6774027444549013,0.9503259834590431,0.19398447906527186,4.898979485566356,0.5,151,89.0,91.73333333333333,95.0,89.0,0.9025156516745302,0.9503259834590431
17,1250,5,195,soft,curve_stagnation_detected,random_reinjection,random_aggressive,0.3,29 28 27 26 25 24 23 22 21,9,0,89.0,89.0,0.0,89.0,205,neutral,89.0,0.0,0.03489027823380132,206.0,True,preserved_best_and_increased_diversity,232.0,neutral,0.0,False,stagnation_risk,exact_shapley_wo_simulation,89.0,alpha,Coef. exploracion (alpha),0.0,0.35,0.18242552380635635,0.6934294854969998,0.9060422929618188,0.03408091807759349,0.006956738271308254,4.898979485566356,0.65,196,89.0,89.0,89.0,89.0,0.6980524682530558,0.03408091807759349
17,1250,6,232,soft,curve_stagnation_detected,random_reinjection,random_aggressive,0.3,29 28 27 26 25 24 23 22 21,9,0,89.0,89.0,0.0,89.0,242,neutral,89.0,0.0,0.03557716447522094,243.0,True,preserved_best_and_increased_diversity,269.0,neutral,0.0,False,stagnation_risk,exact_shapley_wo_simulation,89.0,alpha,Coef. exploracion (alpha),0.0,0.22666666666666668,0.061034851072992,-0.06514303306965459,0.253468940976019,0.034696347269788784,0.007082362229115896,4.898979485566356,0.7733333333333333,233,89.0,89.0,89.0,89.0,0.7469919268881337,0.034696347269788784
18,1251,1,40,soft,curve_stagnation_detected,random_reinjection,random_aggressive,0.3,29 28 27 26 25 24 23 22 21,9,0,95.0,92.0,-3.0,95.0,50,improved,89.0,6.0,1.17610212588912,51.0,True,improved_population_best,,,0.0,False,stagnation_risk,exact_shapley_wo_simulation,89.0,safety_signal,Senal de seguridad,-3.000000000000001,0.8666666666666667,0.975075573352886,-1.6232968846682005,0.5491682447337078,0.03502582546108235,0.0071496166832862584,4.898979485566356,0.13333333333333333,41,95.0,95.0,95.0,92.0,0.7433151480211969,0.03502582546108235
18,1251,2,76,soft,curve_stagnation_detected,random_reinjection,random_aggressive,0.3,26 19 28 27 20 29 21 6 13,9,0,89.0,89.0,0.0,89.0,86,rejected_by_acceptance,,,,,False,rejected_by_conditional_acceptance,,,0.0,False,stagnation_risk,exact_shapley_wo_simulation,89.0,alpha,Coef. exploracion (alpha),0.0,0.7466666666666666,0.921771740548216,-0.8165250123018017,0.17501972562756607,1.17071837869973,0.2389718883593951,4.898979485566356,0.25333333333333335,77,89.0,93.06666666666666,97.0,89.0,1.1363675304547212,1.17071837869973
18,1251,3,121,soft,curve_stagnation_detected,random_reinjection,random_aggressive,0.3,0 29 27 26 25 28 23 22 21,9,0,89.0,89.0,0.0,89.0,131,neutral,89.0,0.0,0.4098592041028858,132.0,True,preserved_best_and_increased_diversity,158.0,neutral,0.0,False,stagnation_risk,exact_shapley_wo_simulation,89.0,alpha,Coef. exploracion (alpha),0.0,0.5966666666666667,0.7244545954248021,-0.8100931744390459,0.4419137638675632,0.1050329249048252,0.021439756017407097,4.898979485566356,0.4033333333333333,122,89.0,89.2,95.0,89.0,0.6901195860623655,0.1050329249048252
18,1251,4,158,soft,curve_stagnation_detected,random_reinjection,random_aggressive,0.3,29 28 27 26 25 24 23 22 21,9,0,95.0,89.0,-6.0,95.0,168,improved,89.0,6.0,1.0469416708584824,169.0,True,improved_population_best,158.0,neutral,0.0,False,stagnation_risk,exact_shapley_wo_simulation,89.0,diversity,Diversidad poblacional,2.0,0.4733333333333334,0.43372560580456077,0.1432843058910034,0.5858993570910158,0.036950708528912114,0.007542531794178427,4.898979485566356,0.5266666666666666,159,95.0,95.0,95.0,89.0,0.7318207965770304,0.036950708528912114
18,1251,5,194,soft,curve_stagnation_detected,random_reinjection,random_aggressive,0.3,29 28 27 6 0 13 7 10 9,9,0,89.0,89.0,0.0,89.0,204,rejected_by_acceptance,,,,,False,rejected_by_conditional_acceptance,158.0,neutral,0.0,False,stagnation_risk,exact_shapley_wo_simulation,89.0,alpha,Coef. exploracion (alpha),0.0,0.3533333333333334,0.18744979299574116,-0.41404301792511766,0.6822240038988945,1.1191596456009634,0.22844750603636807,4.898979485566356,0.6466666666666666,195,89.0,91.73333333333333,95.0,89.0,1.0911247546804366,1.1191596456009634
18,1251,6,239,soft,curve_stagnation_detected,random_reinjection,random_aggressive,0.3,29 28 27 26 25 24 23 22 21,9,0,89.0,89.0,0.0,89.0,249,neutral,89.0,0.0,0.03633903068216703,250.0,True,preserved_best_and_increased_diversity,276.0,neutral,0.0,False,stagnation_risk,exact_shapley_wo_simulation,89.0,alpha,Coef. exploracion (alpha),0.0,0.20333333333333337,0.04895468361634325,0.16631983214334134,0.39360622936849,0.03449289601051826,0.007040832914720941,4.898979485566356,0.7966666666666666,240,89.0,89.0,89.0,89.0,0.7908436963773279,0.03449289601051826
19,1252,1,40,soft,curve_stagnation_detected,random_reinjection,random_aggressive,0.3,29 28 27 26 25 24 23 22 21,9,0,95.0,92.0,-3.0,95.0,50,improved,89.0,6.0,1.0568970082621871,51.0,True,improved_population_best,,,0.0,False,stagnation_risk,exact_shapley_wo_simulation,89.0,danger_signal,Senal de peligro,-6.000000000000002,0.8666666666666667,0.975075573352886,1.1903275117017789,0.11403342151191853,0.034722159748650346,0.00708763117929983,4.898979485566356,0.13333333333333333,41,95.0,95.0,95.0,92.0,0.5995091984799267,0.034722159748650346
19,1252,2,76,soft,curve_stagnation_detected,random_reinjection,random_aggressive,0.3,26 19 27 21 20 28 7 6 13,9,0,89.0,89.0,0.0,89.0,86,rejected_by_acceptance,,,,,False,rejected_by_conditional_acceptance,,,0.0,False,stagnation_risk,exact_shapley_wo_simulation,89.0,alpha,Coef. exploracion (alpha),0.0,0.7466666666666666,0.921771740548216,0.7657584466605231,0.805369893897783,0.9977911421431244,0.20367326400995794,4.898979485566356,0.25333333333333335,77,89.0,92.86666666666666,97.0,89.0,0.9526489110766516,0.9977911421431244
19,1252,3,121,soft,curve_stagnation_detected,random_reinjection,random_aggressive,0.3,29 28 27 20 0 13 7 6 18,9,0,89.0,89.0,0.0,89.0,131,neutral,89.0,0.0,0.948844590172634,132.0,True,preserved_best_and_increased_diversity,158.0,neutral,0.0,False,stagnation_risk,exact_shapley_wo_simulation,89.0,alpha,Coef. exploracion (alpha),0.0,0.5966666666666667,0.7244545954248021,0.5327457163142133,0.17593762370322463,0.9322439661126498,0.19029350273037038,4.898979485566356,0.4033333333333333,122,89.0,92.33333333333333,95.0,89.0,1.0038548505988263,0.9322439661126498
19,1252,4,158,soft,curve_stagnation_detected,random_reinjection,random_aggressive,0.3,29 28 27 6 0 13 7 17 19,9,0,89.0,89.0,0.0,89.0,168,neutral,89.0,0.0,1.0231316414618474,169.0,True,preserved_best_and_increased_diversity,195.0,neutral,0.0,False,stagnation_risk,exact_shapley_wo_simulation,89.0,alpha,Coef. exploracion (alpha),0.0,0.4733333333333334,0.43372560580456077,0.45545199229205335,0.23169662882087128,0.924667763516491,0.18874701685132553,4.898979485566356,0.5266666666666666,159,89.0,91.93333333333334,95.0,89.0,0.983613166995988,0.924667763516491
19,1252,5,195,soft,curve_stagnation_detected,random_reinjection,random_aggressive,0.3,28 4 27 26 25 29 23 22 21,9,0,89.0,89.0,0.0,89.0,205,neutral,89.0,0.0,0.07558954996107631,206.0,True,preserved_best_and_increased_diversity,232.0,neutral,0.0,False,stagnation_risk,exact_shapley_wo_simulation,89.0,alpha,Coef. exploracion (alpha),0.0,0.35,0.18242552380635635,-0.07689510010582824,0.10726693381620722,0.18467556838309365,0.03769674254142011,4.898979485566356,0.65,196,89.0,89.3,95.0,89.0,0.6781997486847092,0.18467556838309365
19,1252,6,232,soft,curve_stagnation_detected,random_reinjection,random_aggressive,0.3,29 28 27 26 25 24 23 22 21,9,0,89.0,89.0,0.0,89.0,242,neutral,89.0,0.0,0.03709817839068514,243.0,True,preserved_best_and_increased_diversity,269.0,neutral,0.0,False,stagnation_risk,exact_shapley_wo_simulation,89.0,alpha,Coef. exploracion (alpha),0.0,0.22666666666666668,0.061034851072992,-0.4224655145144479,0.46262022805023106,0.035454118920662525,0.0072370417196314886,4.898979485566356,0.7733333333333333,233,89.0,89.0,89.0,89.0,0.7472588888543862,0.035454118920662525
20,1253,1,40,soft,curve_stagnation_detected,random_reinjection,random_aggressive,0.3,15 28 20 5 7 26 24 21 0,9,0,89.0,89.0,0.0,89.0,50,neutral,89.0,0.0,0.7546327990247094,51.0,True,preserved_best_and_increased_diversity,77.0,neutral,0.0,False,stagnation_risk,exact_shapley_wo_simulation,89.0,alpha,Coef. exploracion (alpha),0.0,0.8666666666666667,0.975075573352886,-1.4052739937959187,0.3155182871119374,1.1533339465786803,0.2354233060123433,4.898979485566356,0.13333333333333333,41,89.0,93.93333333333334,98.0,89.0,1.1587722630225612,1.1533339465786803
20,1253,2,77,soft,curve_stagnation_detected,random_reinjection,random_aggressive,0.3,26 19 27 21 20 28 7 6 13,9,0,89.0,89.0,0.0,89.0,87,rejected_by_acceptance,,,,,False,rejected_by_conditional_acceptance,77.0,neutral,0.0,False,stagnation_risk,exact_shapley_wo_simulation,89.0,alpha,Coef. exploracion (alpha),0.0,0.7433333333333334,0.919334075010081,-0.20262039446492647,0.2709295633025842,0.9995286764949325,0.2040279367243319,4.898979485566356,0.25666666666666665,78,89.0,92.86666666666666,97.0,89.0,0.9016345956582387,0.9995286764949325
20,1253,3,122,soft,curve_stagnation_detected,random_reinjection,random_aggressive,0.3,29 28 27 26 25 24 23 22 21,9,0,95.0,89.0,-6.0,95.0,132,improved,89.0,6.0,0.9289186272332867,133.0,True,improved_population_best,122.0,rejected,0.0,False,stagnation_risk,exact_shapley_wo_simulation,89.0,alpha,Coef. exploracion (alpha),0.0,0.5933333333333333,0.71775105695774,0.4979780223743861,0.5739518551431042,0.03847109302721465,0.007852878980318312,4.898979485566356,0.4066666666666667,123,95.0,95.0,95.0,89.0,0.8600108778601355,0.03847109302721465
20,1253,4,158,soft,curve_stagnation_detected,random_reinjection,random_aggressive,0.3,25 3 28 27 26 29 23 22 21,9,0,89.0,89.0,0.0,89.0,168,neutral,89.0,0.0,0.038099607124475084,169.0,True,preserved_best_and_increased_diversity,195.0,neutral,0.0,False,stagnation_risk,exact_shapley_wo_simulation,89.0,alpha,Coef. exploracion (alpha),0.0,0.4733333333333334,0.43372560580456077,-0.5285304192497784,0.6675702822159635,0.5570797072596143,0.11371341907042341,4.898979485566356,0.5266666666666666,159,89.0,89.2,92.0,89.0,0.8830300363761768,0.5570797072596143
20,1253,5,195,soft,curve_stagnation_detected,random_reinjection,random_aggressive,0.3,28 27 7 6 0 13 11 10 9,9,0,89.0,89.0,0.0,89.0,205,neutral,89.0,0.0,0.4480634244163916,206.0,True,preserved_best_and_increased_diversity,232.0,neutral,0.0,False,stagnation_risk,exact_shapley_wo_simulation,89.0,alpha,Coef. exploracion (alpha),0.0,0.35,0.18242552380635635,0.2567278898270452,0.6634714505092715,0.8882610590994579,0.18131552943148704,4.898979485566356,0.65,196,89.0,91.53333333333333,95.0,89.0,0.9399816774681123,0.8882610590994579
20,1253,6,232,soft,curve_stagnation_detected,random_reinjection,random_aggressive,0.3,29 28 27 26 25 24 23 22 21,9,0,89.0,89.0,0.0,89.0,242,neutral,89.0,0.0,0.48910900282658004,243.0,True,preserved_best_and_increased_diversity,269.0,neutral,0.0,False,stagnation_risk,exact_shapley_wo_simulation,89.0,alpha,Coef. exploracion (alpha),0.0,0.22666666666666668,0.061034851072992,-0.3336458620466735,0.012146699475132361,0.4965685130409005,0.10136162327356506,4.898979485566356,0.7733333333333333,233,89.0,89.0,89.0,89.0,0.954427421990936,0.4965685130409005
21,1254,1,40,soft,curve_stagnation_detected,random_reinjection,random_aggressive,0.3,19 28 20 21 27 14 7 6 13,9,0,89.0,89.0,0.0,89.0,50,rejected_by_acceptance,,,,,False,rejected_by_conditional_acceptance,,,0.0,False,stagnation_risk,exact_shapley_wo_simulation,89.0,alpha,Coef. exploracion (alpha),0.0,0.8666666666666667,0.975075573352886,-1.7319664236020473,0.010178787447541748,1.0442074890999438,0.21314796115730747,4.898979485566356,0.13333333333333333,41,89.0,92.76666666666667,97.0,89.0,1.024396175050663,1.0442074890999438
21,1254,2,85,soft,curve_stagnation_detected,random_reinjection,random_aggressive,0.3,26 19 28 27 20 29 7 6 13,9,0,89.0,89.0,0.0,89.0,95,rejected_by_acceptance,,,,,False,rejected_by_conditional_acceptance,85.0,rejected,0.0,False,stagnation_risk,exact_shapley_wo_simulation,89.0,alpha,Coef. exploracion (alpha),0.0,0.7166666666666667,0.8972159750827483,-0.9786333783878696,0.28148839028389494,1.1449900855516508,0.23372012251226687,4.898979485566356,0.2833333333333333,86,89.0,92.86666666666666,97.0,89.0,0.9473685174432929,1.1449900855516508
21,1254,3,130,soft,curve_stagnation_detected,random_reinjection,random_aggressive,0.3,25 15 7 1 13 29 23 22 21,9,0,89.0,89.0,0.0,89.0,140,neutral,89.0,0.0,0.9457351344461815,141.0,True,preserved_best_and_increased_diversity,167.0,neutral,0.0,False,stagnation_risk,exact_shapley_wo_simulation,89.0,alpha,Coef. exploracion (alpha),0.0,0.5666666666666667,0.6607563687658171,0.6084144275223011,0.9936610948152103,0.39100386254623726,0.07981332922463433,4.898979485566356,0.43333333333333335,131,89.0,90.0,95.0,89.0,0.6236989171834685,0.39100386254623726
21,1254,4,167,soft,curve_stagnation_detected,random_reinjection,random_aggressive,0.3,29 28 7 6 0 13 19 17 9,9,0,89.0,89.0,0.0,89.0,177,neutral,89.0,0.0,0.2549030962503744,178.0,True,preserved_best_and_increased_diversity,204.0,neutral,0.0,False,stagnation_risk,exact_shapley_wo_simulation,89.0,alpha,Coef. exploracion (alpha),0.0,0.44333333333333336,0.3620063293390161,-0.29113168642906134,0.5333278548859928,0.8983754778826152,0.18338012652011684,4.898979485566356,0.5566666666666666,168,89.0,91.73333333333333,95.0,89.0,1.0314652984806252,0.8983754778826152
21,1254,5,204,soft,curve_stagnation_detected,random_reinjection,random_aggressive,0.3,0 29 27 26 25 28 23 22 21,9,0,89.0,89.0,0.0,89.0,214,neutral,89.0,0.0,0.03895873290710439,215.0,True,preserved_best_and_increased_diversity,241.0,neutral,0.0,False,stagnation_risk,exact_shapley_wo_simulation,89.0,alpha,Coef. exploracion (alpha),0.0,0.31999999999999995,0.1418510649004877,-0.3880178606801683,0.9320051016337323,0.09981699556801518,0.020375058899940596,4.898979485566356,0.68,205,89.0,89.1,92.0,89.0,0.5524187951189141,0.09981699556801518
21,1254,6,241,soft,curve_stagnation_detected,random_reinjection,random_aggressive,0.3,29 28 27 26 25 24 23 22 21,9,0,89.0,89.0,0.0,89.0,251,neutral,89.0,0.0,0.03522262365237814,252.0,True,preserved_best_and_increased_diversity,278.0,neutral,0.0,False,stagnation_risk,exact_shapley_wo_simulation,89.0,alpha,Coef. exploracion (alpha),0.0,0.19666666666666666,0.045942499747874455,-0.164134631284137,0.6917436115709933,0.07915180173250651,0.01615679387221521,4.898979485566356,0.8033333333333333,242,89.0,89.0,89.0,89.0,0.6692939043439062,0.07915180173250651
22,1255,1,40,soft,curve_stagnation_detected,random_reinjection,random_aggressive,0.3,29 28 27 20 21 14 7 6 13,9,0,91.0,91.0,0.0,91.0,50,improved,89.0,2.0,0.03865915986659382,51.0,True,preserved_best_and_increased_diversity,,,0.0,False,stagnation_risk,exact_shapley_wo_simulation,89.0,alpha,Coef. exploracion (alpha),0.0,0.8666666666666667,0.975075573352886,0.04863035247560405,0.5218963231117816,1.012530690615597,0.20668196174300607,4.898979485566356,0.13333333333333333,41,91.0,92.93333333333334,97.0,91.0,1.01433599538459,1.012530690615597
22,1255,2,76,soft,curve_stagnation_detected,random_reinjection,random_aggressive,0.3,6 1 0 21 28 27 10 8 13,9,0,89.0,89.0,0.0,89.0,86,neutral,89.0,0.0,0.03502131892536616,87.0,True,preserved_best_and_increased_diversity,113.0,neutral,0.0,False,stagnation_risk,exact_shapley_wo_simulation,89.0,alpha,Coef. exploracion (alpha),0.0,0.7466666666666666,0.921771740548216,-0.20306091477386906,0.11854068647336802,0.9916427701475373,0.2024182328317908,4.898979485566356,0.25333333333333335,77,89.0,92.56666666666666,98.0,89.0,1.1055650015272476,0.9916427701475373
22,1255,3,113,soft,curve_stagnation_detected,random_reinjection,random_aggressive,0.3,29 28 27 26 25 24 23 22 21,9,0,95.0,92.0,-3.0,95.0,123,improved,89.0,6.0,0.9999598663833523,124.0,True,improved_population_best,113.0,neutral,0.0,False,stagnation_risk,exact_shapley_wo_simulation,91.0,danger_signal,Senal de peligro,1.0,0.6233333333333333,0.7744014530142785,1.1753877525912553,0.9627127756942191,0.03857572653793905,0.007874237206257547,4.898979485566356,0.37666666666666665,114,95.0,95.0,95.0,92.0,0.7515963852672275,0.03857572653793905
22,1255,4,149,soft,curve_stagnation_detected,random_reinjection,random_aggressive,0.3,27 13 6 26 28 29 23 22 21,9,0,89.0,89.0,0.0,89.0,159,neutral,89.0,0.0,0.07629578048686285,160.0,True,preserved_best_and_increased_diversity,186.0,neutral,0.0,False,stagnation_risk,exact_shapley_wo_simulation,89.0,alpha,Coef. exploracion (alpha),0.0,0.5033333333333334,0.5083325618141192,-0.6612183440588361,0.13499119342989718,0.3231629583790736,0.06596536264975067,4.898979485566356,0.49666666666666665,150,89.0,89.4,95.0,89.0,0.6611879498264333,0.3231629583790736
22,1255,5,186,soft,curve_stagnation_detected,random_reinjection,random_aggressive,0.3,29 28 27 26 25 24 23 22 21,9,0,95.0,89.0,-6.0,95.0,196,improved,89.0,6.0,0.9501645762345302,197.0,True,improved_population_best,186.0,neutral,0.0,False,stagnation_risk,exact_shapley_wo_simulation,89.0,alpha,Coef. exploracion (alpha),0.0,0.38,0.23147521650098246,0.7095674748484214,0.9354739918172232,0.03787903333500771,0.007732025301720289,4.898979485566356,0.62,187,95.0,95.0,95.0,89.0,0.6627690740117694,0.03787903333500771
22,1255,6,222,soft,curve_stagnation_detected,random_reinjection,random_aggressive,0.3,13 29 27 26 25 28 23 22 21,9,0,89.0,89.0,0.0,89.0,232,neutral,89.0,0.0,0.038346142843533895,233.0,True,preserved_best_and_increased_diversity,259.0,neutral,0.0,False,stagnation_risk,exact_shapley_wo_simulation,89.0,alpha,Coef. exploracion (alpha),0.0,0.26,0.08317269649392234,0.30508339126101347,0.9957891349740662,0.10309155067263802,0.02104347466168659,4.898979485566356,0.74,223,89.0,89.1,92.0,89.0,0.6212382446695773,0.10309155067263802
23,1256,1,40,soft,curve_stagnation_detected,random_reinjection,random_aggressive,0.3,29 28 27 20 21 14 7 6 13,9,0,91.0,91.0,0.0,91.0,50,rejected_by_acceptance,,,,,False,rejected_by_conditional_acceptance,,,0.0,False,stagnation_risk,exact_shapley_wo_simulation,89.0,safety_signal,Senal de seguridad,0.6666666666666666,0.8666666666666667,0.975075573352886,-0.07574581485394587,0.6658457805391937,1.003267654330497,0.20479115237905765,4.898979485566356,0.13333333333333333,41,91.0,92.86666666666666,95.0,91.0,0.8714924139946605,1.003267654330497
23,1256,2,85,soft,curve_stagnation_detected,random_reinjection,random_aggressive,0.3,29 28 27 26 25 24 23 22 21,9,0,95.0,91.0,-4.0,95.0,95,improved,89.0,6.0,0.6818717482221406,96.0,True,improved_population_best,85.0,rejected,0.0,False,stagnation_risk,exact_shapley_wo_simulation,92.0,diversity,Diversidad poblacional,3.000000000000001,0.7166666666666667,0.8972159750827483,0.40491771502164814,0.2695816027321808,0.036603853102396354,0.00747173022672184,4.898979485566356,0.2833333333333333,86,95.0,95.0,95.0,91.0,0.6295776493020473,0.036603853102396354
23,1256,3,121,soft,curve_stagnation_detected,random_reinjection,random_aggressive,0.3,29 28 27 20 0 13 7 6 18,9,0,89.0,89.0,0.0,89.0,131,neutral,89.0,0.0,0.03378221994058951,132.0,True,preserved_best_and_increased_diversity,158.0,neutral,0.0,False,stagnation_risk,exact_shapley_wo_simulation,89.0,alpha,Coef. exploracion (alpha),0.0,0.5966666666666667,0.7244545954248021,-0.944944835355544,0.001379475013222553,0.9877608765816455,0.2016258446257718,4.898979485566356,0.4033333333333333,122,89.0,92.33333333333333,95.0,89.0,1.0187477814150776,0.9877608765816455
23,1256,4,158,soft,curve_stagnation_detected,random_reinjection,random_aggressive,0.3,29 28 27 26 25 24 23 22 21,9,0,95.0,89.0,-6.0,95.0,168,improved,89.0,6.0,0.9234784836945849,169.0,True,improved_population_best,158.0,neutral,0.0,False,stagnation_risk,exact_shapley_wo_simulation,91.0,danger_signal,Senal de peligro,3.000000000000002,0.4733333333333334,0.43372560580456077,0.7777654666882607,0.34598510320596876,0.036985228434131746,0.007549578140324872,4.898979485566356,0.5266666666666666,159,95.0,95.0,95.0,89.0,0.7927796777194919,0.036985228434131746
23,1256,5,194,soft,curve_stagnation_detected,random_reinjection,random_aggressive,0.3,18 12 27 26 25 29 24 23 21,9,0,89.0,89.0,0.0,89.0,204,neutral,89.0,0.0,0.8240550542435122,205.0,True,preserved_best_and_increased_diversity,231.0,neutral,0.0,False,stagnation_risk,exact_shapley_wo_simulation,89.0,alpha,Coef. exploracion (alpha),0.0,0.3533333333333334,0.18744979299574116,-0.07103742832459767,0.14341986621739689,0.5170054547637634,0.10553329653389924,4.898979485566356,0.6466666666666666,195,89.0,89.16666666666667,92.0,89.0,0.9124403208011876,0.5170054547637634
23,1256,6,231,soft,curve_stagnation_detected,random_reinjection,random_aggressive,0.3,11 29 27 26 25 28 23 22 21,9,0,89.0,89.0,0.0,89.0,241,neutral,89.0,0.0,0.4895469171179834,242.0,True,preserved_best_and_increased_diversity,268.0,neutral,0.0,False,stagnation_risk,exact_shapley_wo_simulation,89.0,alpha,Coef. exploracion (alpha),0.0,0.22999999999999998,0.0629733560569965,-0.34076001623917396,0.23729594493939954,0.5231036685888953,0.10677808921839585,4.898979485566356,0.77,232,89.0,89.1,92.0,89.0,0.9488179103501085,0.5231036685888953
24,1257,1,40,soft,curve_stagnation_detected,random_reinjection,random_aggressive,0.3,29 28 27 26 25 24 23 22 21,9,0,95.0,89.0,-6.0,95.0,50,improved,89.0,6.0,0.5383074194767016,51.0,True,improved_population_best,,,0.0,False,stagnation_risk,exact_shapley_wo_simulation,91.0,danger_signal,Senal de peligro,1.0,0.8666666666666667,0.975075573352886,-1.2127670764119223,0.0642506670796279,0.04237167207290569,0.008649081343929577,4.898979485566356,0.13333333333333333,41,95.0,95.0,95.0,89.0,0.6461321552873961,0.04237167207290569
24,1257,2,76,soft,curve_stagnation_detected,random_reinjection,random_aggressive,0.3,20 13 26 28 25 27 24 23 22,9,0,89.0,89.0,0.0,89.0,86,neutral,89.0,0.0,1.0098799095483,87.0,True,preserved_best_and_increased_diversity,113.0,neutral,0.0,False,stagnation_risk,exact_shapley_wo_simulation,89.0,alpha,Coef. exploracion (alpha),0.0,0.7466666666666666,0.921771740548216,0.5821212180519926,0.7727287566770308,0.5755933594653211,0.11749250250203457,4.898979485566356,0.25333333333333335,77,89.0,89.26666666666667,92.0,89.0,0.9557871847325949,0.5755933594653211
24,1257,3,113,soft,curve_stagnation_detected,random_reinjection,random_aggressive,0.3,13 5 27 26 29 28 23 22 21,9,0,89.0,89.0,0.0,89.0,123,neutral,89.0,0.0,0.040239258387938716,124.0,True,preserved_best_and_increased_diversity,150.0,neutral,0.0,False,stagnation_risk,exact_shapley_wo_simulation,89.0,alpha,Coef. exploracion (alpha),0.0,0.6233333333333333,0.7744014530142785,0.4107405054989598,0.9981252901969028,0.5266236138709648,0.10749659504036145,4.898979485566356,0.37666666666666665,114,89.0,89.26666666666667,95.0,89.0,0.9340554678635338,0.5266236138709648
24,1257,4,150,soft,curve_stagnation_detected,random_reinjection,random_aggressive,0.3,8 12 0 14 24 17 11 25 21,9,0,89.0,89.0,0.0,89.0,160,neutral,89.0,0.0,0.9037711834161947,161.0,True,preserved_best_and_increased_diversity,187.0,neutral,0.0,False,stagnation_risk,exact_shapley_wo_simulation,89.0,alpha,Coef. exploracion (alpha),0.0,0.5,0.5,0.6625086987423363,0.82368137738737,0.6901708535171939,0.14088053553818983,4.898979485566356,0.5,151,89.0,89.96666666666667,95.0,89.0,0.7720127658514825,0.6901708535171939
24,1257,5,187,soft,curve_stagnation_detected,random_reinjection,random_aggressive,0.3,29 28 7 6 0 13 11 10 9,9,0,89.0,89.0,0.0,89.0,197,neutral,89.0,0.0,0.7421608179376799,198.0,True,preserved_best_and_increased_diversity,224.0,neutral,0.0,False,stagnation_risk,exact_shapley_wo_simulation,89.0,alpha,Coef. exploracion (alpha),0.0,0.3766666666666667,0.22559854698572146,0.3912868689382127,0.5489262383681309,0.9307690952164009,0.18999244596934614,4.898979485566356,0.6233333333333333,188,89.0,91.53333333333333,95.0,89.0,0.9659632943008075,0.9307690952164009
24,1257,6,224,soft,curve_stagnation_detected,random_reinjection,random_aggressive,0.3,29 28 27 6 0 13 7 10 9,9,0,89.0,89.0,0.0,89.0,234,neutral,89.0,0.0,0.9186936592728556,235.0,True,preserved_best_and_increased_diversity,261.0,neutral,0.0,False,stagnation_risk,exact_shapley_wo_simulation,89.0,alpha,Coef. exploracion (alpha),0.0,0.2533333333333333,0.07822825945178391,0.04047600777426098,0.41719998322722496,0.84110291783967,0.17168941415610617,4.898979485566356,0.7466666666666667,225,89.0,91.33333333333333,95.0,89.0,1.0088445978719425,0.84110291783967
25,1258,1,40,soft,curve_stagnation_detected,random_reinjection,random_aggressive,0.3,27 19 28 21 20 29 7 6 13,9,0,89.0,89.0,0.0,89.0,50,rejected_by_acceptance,,,,,False,rejected_by_conditional_acceptance,,,0.0,False,stagnation_risk,exact_shapley_wo_simulation,89.0,alpha,Coef. exploracion (alpha),0.0,0.8666666666666667,0.975075573352886,-0.963035752049466,0.44196153047193343,1.0780867544654518,0.2200635372411276,4.898979485566356,0.13333333333333333,41,89.0,93.03333333333333,97.0,89.0,1.060135191674624,1.0780867544654518
25,1258,2,85,soft,curve_stagnation_detected,random_reinjection,random_aggressive,0.3,29 28 27 26 25 24 23 22 21,9,0,95.0,89.0,-6.0,95.0,95,improved,89.0,6.0,0.6898774336581734,96.0,True,improved_population_best,85.0,rejected,0.0,False,stagnation_risk,exact_shapley_wo_simulation,89.0,alpha,Coef. exploracion (alpha),0.0,0.7166666666666667,0.8972159750827483,-1.328567780647086,0.6635617718288382,0.039010582378136004,0.007963001782936862,4.898979485566356,0.2833333333333333,86,95.0,95.0,95.0,89.0,0.5758942565463754,0.039010582378136004
25,1258,3,121,soft,curve_stagnation_detected,random_reinjection,random_aggressive,0.3,29 28 27 20 0 13 7 6 18,9,0,89.0,89.0,0.0,89.0,131,neutral,89.0,0.0,1.06609718225332,132.0,True,preserved_best_and_increased_diversity,158.0,neutral,0.0,False,stagnation_risk,exact_shapley_wo_simulation,89.0,alpha,Coef. exploracion (alpha),0.0,0.5966666666666667,0.7244545954248021,-0.536977415542998,0.8710325745293919,1.070814327221079,0.2185790592461086,4.898979485566356,0.4033333333333333,122,89.0,92.33333333333333,95.0,89.0,1.257383351809434,1.070814327221079
25,1258,4,158,soft,curve_stagnation_detected,random_reinjection,random_aggressive,0.3,29 28 27 6 0 13 7 17 19,9,0,89.0,89.0,0.0,89.0,168,neutral,89.0,0.0,0.03347865112542943,169.0,True,preserved_best_and_increased_diversity,195.0,neutral,0.0,False,stagnation_risk,exact_shapley_wo_simulation,89.0,alpha,Coef. exploracion (alpha),0.0,0.4733333333333334,0.43372560580456077,-0.14040959818309437,0.4071545719236186,1.0225913998458147,0.20873559541505124,4.898979485566356,0.5266666666666666,159,89.0,91.93333333333334,95.0,89.0,1.0716607641816303,1.0225913998458147
25,1258,5,195,soft,curve_stagnation_detected,random_reinjection,random_aggressive,0.3,29 28 7 6 0 13 11 10 9,9,0,89.0,89.0,0.0,89.0,205,neutral,89.0,0.0,1.0790835180852971,206.0,True,preserved_best_and_increased_diversity,232.0,neutral,0.0,False,stagnation_risk,exact_shapley_wo_simulation,89.0,alpha,Coef. exploracion (alpha),0.0,0.35,0.18242552380635635,0.24945100302713363,0.12147857677475482,1.0486070112389532,0.21404600985336172,4.898979485566356,0.65,196,89.0,91.53333333333333,95.0,89.0,1.0934952110981893,1.0486070112389532
25,1258,6,232,soft,curve_stagnation_detected,random_reinjection,random_aggressive,0.3,29 28 27 26 25 24 23 22 21,9,0,89.0,89.0,0.0,89.0,242,neutral,89.0,0.0,0.49108005447743175,243.0,True,preserved_best_and_increased_diversity,269.0,neutral,0.0,False,stagnation_risk,exact_shapley_wo_simulation,89.0,alpha,Coef. exploracion (alpha),0.0,0.22666666666666668,0.061034851072992,0.12149259108508828,0.4676035056425234,0.4607641908283713,0.09405309660632387,4.898979485566356,0.7733333333333333,233,89.0,89.0,89.0,89.0,0.9578013806455483,0.4607641908283713
26,1259,1,40,soft,curve_stagnation_detected,random_reinjection,random_aggressive,0.3,19 20 21 6 13 14 7 0 17,9,0,89.0,89.0,0.0,89.0,50,neutral,89.0,0.0,0.6450871752548532,51.0,True,preserved_best_and_increased_diversity,77.0,neutral,0.0,False,stagnation_risk,exact_shapley_wo_simulation,89.0,alpha,Coef. exploracion (alpha),0.0,0.8666666666666667,0.975075573352886,1.2292463625379155,0.1905805324962282,0.9554498973271516,0.19503039360384156,4.898979485566356,0.13333333333333333,41,89.0,92.36666666666666,97.0,89.0,1.0578971445198466,0.9554498973271516
26,1259,2,77,soft,curve_stagnation_detected,random_reinjection,random_aggressive,0.3,29 28 27 26 25 24 23 22 21,9,0,95.0,89.0,-6.0,95.0,87,improved,89.0,6.0,1.0498660432495481,88.0,True,improved_population_best,77.0,neutral,0.0,False,stagnation_risk,exact_shapley_wo_simulation,89.0,alpha,Coef. exploracion (alpha),0.0,0.7433333333333334,0.919334075010081,0.5272800675768645,0.6291557666750536,0.03552714791203167,0.007251948700071865,4.898979485566356,0.25666666666666665,78,95.0,95.0,95.0,89.0,0.5329192652059592,0.03552714791203167
26,1259,3,113,soft,curve_stagnation_detected,random_reinjection,random_aggressive,0.3,29 28 27 26 25 24 23 22 21,9,0,89.0,89.0,0.0,89.0,123,neutral,89.0,0.0,0.9408060573849534,124.0,True,preserved_best_and_increased_diversity,150.0,neutral,0.0,False,stagnation_risk,exact_shapley_wo_simulation,89.0,alpha,Coef. exploracion (alpha),0.0,0.6233333333333333,0.7744014530142785,1.2275716869741191,0.9446043531555531,0.03474001841482518,0.00709127656426775,4.898979485566356,0.37666666666666665,114,89.0,89.0,89.0,89.0,0.6958902915542631,0.03474001841482518
26,1259,4,150,soft,curve_stagnation_detected,random_reinjection,random_aggressive,0.3,29 28 27 6 0 13 7 17 19,9,0,89.0,89.0,0.0,89.0,160,rejected_by_acceptance,,,,,False,rejected_by_conditional_acceptance,150.0,neutral,0.0,False,stagnation_risk,exact_shapley_wo_simulation,89.0,alpha,Coef. exploracion (alpha),0.0,0.5,0.5,-0.7863980734576375,0.07598902482787528,0.9682187192052243,0.19763681845532194,4.898979485566356,0.5,151,89.0,91.93333333333334,95.0,89.0,0.9623883524010551,0.9682187192052243
26,1259,5,195,soft,curve_stagnation_detected,random_reinjection,random_aggressive,0.3,29 28 27 6 0 13 7 10 9,9,0,89.0,89.0,0.0,89.0,205,neutral,89.0,0.0,0.9204837394604779,206.0,True,preserved_best_and_increased_diversity,232.0,neutral,0.0,False,stagnation_risk,exact_shapley_wo_simulation,89.0,alpha,Coef. exploracion (alpha),0.0,0.35,0.18242552380635635,0.19777483148704691,0.5439825545357877,0.9630829839546765,0.19658849088716637,4.898979485566356,0.65,196,89.0,91.73333333333333,95.0,89.0,1.086160381299531,0.9630829839546765
26,1259,6,232,soft,curve_stagnation_detected,random_reinjection,random_aggressive,0.3,29 28 27 26 25 24 23 22 21,9,0,89.0,89.0,0.0,89.0,242,neutral,89.0,0.0,0.039292048892217185,243.0,True,preserved_best_and_increased_diversity,269.0,neutral,0.0,False,stagnation_risk,exact_shapley_wo_simulation,89.0,alpha,Coef. exploracion (alpha),0.0,0.22666666666666668,0.061034851072992,-0.4029563440291729,0.7022530956657967,0.08051618452786702,0.016435297344087326,4.898979485566356,0.7733333333333333,233,89.0,89.0,89.0,89.0,0.7404604031545953,0.08051618452786702
27,1260,1,40,soft,curve_stagnation_detected,random_reinjection,random_aggressive,0.3,19 29 27 21 20 28 7 6 13,9,0,89.0,89.0,0.0,89.0,50,neutral,89.0,0.0,1.0531062966165061,51.0,True,preserved_best_and_increased_diversity,77.0,neutral,0.0,False,stagnation_risk,exact_shapley_wo_simulation,89.0,alpha,Coef. exploracion (alpha),0.0,0.8666666666666667,0.975075573352886,-0.47945834107948115,0.47903237921924546,1.1087587193893904,0.22632442586381035,4.898979485566356,0.13333333333333333,41,89.0,92.96666666666667,97.0,89.0,1.1725048948286771,1.1087587193893904
27,1260,2,77,soft,curve_stagnation_detected,random_reinjection,random_aggressive,0.3,27 21 7 26 14 29 24 23 22,9,0,89.0,89.0,0.0,89.0,87,neutral,89.0,0.0,1.050778400971834,88.0,True,preserved_best_and_increased_diversity,114.0,neutral,0.0,False,stagnation_risk,exact_shapley_wo_simulation,89.0,alpha,Coef. exploracion (alpha),0.0,0.7433333333333334,0.919334075010081,0.4184902666580643,0.8908105155405318,0.43849776776541155,0.08950798203122465,4.898979485566356,0.25666666666666665,78,89.0,89.9,95.0,89.0,0.8430371706722483,0.43849776776541155
27,1260,3,114,soft,curve_stagnation_detected,random_reinjection,random_aggressive,0.3,29 28 27 26 25 24 23 22 21,9,0,95.0,92.0,-3.0,95.0,124,improved,89.0,6.0,0.968395911824721,125.0,True,improved_population_best,114.0,neutral,0.0,False,stagnation_risk,exact_shapley_wo_simulation,89.0,diversity,Diversidad poblacional,0.6666666666666666,0.62,0.7685247834990176,1.0855027589123383,0.74742168572896,0.03642715380058413,0.007435661632776341,4.898979485566356,0.38,115,95.0,95.0,95.0,92.0,0.8541011370409416,0.03642715380058413
27,1260,4,150,soft,curve_stagnation_detected,random_reinjection,random_aggressive,0.3,29 27 7 6 0 13 9 2 23,9,0,89.0,89.0,0.0,89.0,160,neutral,89.0,0.0,0.9257611923987256,161.0,True,preserved_best_and_increased_diversity,187.0,neutral,0.0,False,stagnation_risk,exact_shapley_wo_simulation,89.0,alpha,Coef. exploracion (alpha),0.0,0.5,0.5,-0.7104225948904825,0.02379068232903281,0.5300445745136312,0.1081948957074178,4.898979485566356,0.5,151,89.0,90.4,95.0,89.0,0.6767592297664857,0.5300445745136312
27,1260,5,187,soft,curve_stagnation_detected,random_reinjection,random_aggressive,0.3,29 28 27 6 0 13 7 10 9,9,0,89.0,89.0,0.0,89.0,197,neutral,89.0,0.0,0.9206029582714307,198.0,True,preserved_best_and_increased_diversity,224.0,neutral,0.0,False,stagnation_risk,exact_shapley_wo_simulation,89.0,alpha,Coef. exploracion (alpha),0.0,0.3766666666666667,0.22559854698572146,0.041552395051002125,0.09011732514196291,0.9615218063210057,0.1962698168371381,4.898979485566356,0.6233333333333333,188,89.0,91.73333333333333,95.0,89.0,0.9771659850331912,0.9615218063210057
27,1260,6,224,soft,curve_stagnation_detected,random_reinjection,random_aggressive,0.3,29 28 27 26 25 24 23 22 21,9,0,89.0,89.0,0.0,89.0,234,neutral,89.0,0.0,0.03842153626844095,235.0,True,preserved_best_and_increased_diversity,261.0,neutral,0.0,False,stagnation_risk,exact_shapley_wo_simulation,89.0,alpha,Coef. exploracion (alpha),0.0,0.2533333333333333,0.07822825945178391,0.12014518830070091,0.0977724549606731,0.0392824032244168,0.00801848698084015,4.898979485566356,0.7466666666666667,225,89.0,89.0,89.0,89.0,0.7389842086990962,0.0392824032244168
28,1261,1,40,soft,curve_stagnation_detected,random_reinjection,random_aggressive,0.3,1 22 13 23 26 27 24 25 21,9,0,89.0,89.0,0.0,89.0,50,neutral,89.0,0.0,0.569064871342957,51.0,True,preserved_best_and_increased_diversity,77.0,neutral,0.0,False,stagnation_risk,exact_shapley_wo_simulation,89.0,alpha,Coef. exploracion (alpha),0.0,0.8666666666666667,0.975075573352886,0.34481301363939276,0.5095798506540453,0.4942700961302187,0.10089246088628552,4.898979485566356,0.13333333333333333,41,89.0,89.56666666666666,95.0,89.0,0.6550207247254115,0.4942700961302187
28,1261,2,77,soft,curve_stagnation_detected,random_reinjection,random_aggressive,0.3,26 19 28 27 20 29 21 6 13,9,0,89.0,89.0,0.0,89.0,87,rejected_by_acceptance,,,,,False,rejected_by_conditional_acceptance,77.0,neutral,0.0,False,stagnation_risk,exact_shapley_wo_simulation,89.0,alpha,Coef. exploracion (alpha),0.0,0.7433333333333334,0.919334075010081,-0.6511917436750261,0.9896802681960357,1.0120868951213011,0.20659137236707512,4.898979485566356,0.25666666666666665,78,89.0,93.06666666666666,97.0,89.0,0.9888951098741342,1.0120868951213011
28,1261,3,122,soft,curve_stagnation_detected,random_reinjection,random_aggressive,0.3,2 29 27 26 25 28 23 22 21,9,0,89.0,89.0,0.0,89.0,132,neutral,89.0,0.0,1.0431758346622622,133.0,True,preserved_best_and_increased_diversity,159.0,neutral,0.0,False,stagnation_risk,exact_shapley_wo_simulation,89.0,alpha,Coef. exploracion (alpha),0.0,0.5933333333333333,0.71775105695774,0.28681694563226146,0.855195314088242,0.21732902262151607,0.04436210097670808,4.898979485566356,0.4066666666666667,123,89.0,89.06666666666666,91.0,89.0,0.7074398679293691,0.21732902262151607
28,1261,4,159,soft,curve_stagnation_detected,random_reinjection,random_aggressive,0.3,29 27 7 6 0 13 19 17 9,9,0,89.0,89.0,0.0,89.0,169,neutral,89.0,0.0,0.9011891077643666,170.0,True,preserved_best_and_increased_diversity,196.0,neutral,0.0,False,stagnation_risk,exact_shapley_wo_simulation,89.0,alpha,Coef. exploracion (alpha),0.0,0.47,0.42555748318834097,0.6579696820984937,0.17047985130933108,0.9469842319893846,0.19330234690295028,4.898979485566356,0.53,160,89.0,91.73333333333333,95.0,89.0,1.123298961072845,0.9469842319893846
28,1261,5,196,soft,curve_stagnation_detected,random_reinjection,random_aggressive,0.3,29 28 27 26 25 24 23 22 21,9,0,95.0,89.0,-6.0,95.0,206,improved,89.0,6.0,0.04106986802031707,207.0,True,improved_population_best,196.0,neutral,0.0,False,stagnation_risk,exact_shapley_wo_simulation,89.0,alpha,Coef. exploracion (alpha),0.0,0.3466666666666667,0.1775065027120738,0.28391174118192397,0.3156302471310972,0.03930996895495208,0.00802411381202336,4.898979485566356,0.6533333333333333,197,95.0,95.0,95.0,89.0,0.8949600154916021,0.03930996895495208
28,1261,6,232,soft,curve_stagnation_detected,random_reinjection,random_aggressive,0.3,29 28 27 26 25 24 23 22 21,9,0,89.0,89.0,0.0,89.0,242,neutral,89.0,0.0,0.03439498962179454,243.0,True,preserved_best_and_increased_diversity,269.0,neutral,0.0,False,stagnation_risk,exact_shapley_wo_simulation,89.0,alpha,Coef. exploracion (alpha),0.0,0.22666666666666668,0.061034851072992,0.15848174834610967,0.6879449926058392,0.0373231627875218,0.007618558701355122,4.898979485566356,0.7733333333333333,233,89.0,89.0,89.0,89.0,0.5743858218925233,0.0373231627875218
29,1262,1,40,soft,curve_stagnation_detected,random_reinjection,random_aggressive,0.3,19 29 27 21 20 28 7 6 13,9,0,89.0,89.0,0.0,89.0,50,neutral,89.0,0.0,0.4949738751834684,51.0,True,preserved_best_and_increased_diversity,77.0,neutral,0.0,False,stagnation_risk,exact_shapley_wo_simulation,89.0,alpha,Coef. exploracion (alpha),0.0,0.8666666666666667,0.975075573352886,-1.5120588162922446,0.20940498111067218,1.0134992200496318,0.20687966198586036,4.898979485566356,0.13333333333333333,41,89.0,92.96666666666667,97.0,89.0,1.05479465540236,1.0134992200496318
29,1262,2,77,soft,curve_stagnation_detected,random_reinjection,random_aggressive,0.3,29 28 27 26 25 24 23 22 21,9,0,95.0,89.0,-6.0,95.0,87,improved,89.0,6.0,0.9934907749584717,88.0,True,improved_population_best,77.0,neutral,0.0,False,stagnation_risk,exact_shapley_wo_simulation,89.0,diversity,Diversidad poblacional,0.6666666666666666,0.7433333333333334,0.919334075010081,-0.9540119996004172,0.06271688538931908,0.03531975717111192,0.007209615242352604,4.898979485566356,0.25666666666666665,78,95.0,95.0,95.0,89.0,0.856647242190055,0.03531975717111192
29,1262,3,113,soft,curve_stagnation_detected,random_reinjection,random_aggressive,0.3,29 28 27 26 24 22 17 20 18,9,0,89.0,89.0,0.0,89.0,123,neutral,89.0,0.0,0.2175692610666055,124.0,True,preserved_best_and_increased_diversity,150.0,neutral,0.0,False,stagnation_risk,exact_shapley_wo_simulation,89.0,alpha,Coef. exploracion (alpha),0.0,0.6233333333333333,0.7744014530142785,0.4001722629019256,0.44460512997991597,0.5901543304336686,0.12046474825469548,4.898979485566356,0.37666666666666665,114,89.0,93.6,95.0,89.0,1.037772467783303,0.5901543304336686
29,1262,4,150,soft,curve_stagnation_detected,random_reinjection,random_aggressive,0.3,27 13 7 6 0 26 19 10 9,9,0,89.0,89.0,0.0,89.0,160,neutral,89.0,0.0,0.9178751370291846,161.0,True,preserved_best_and_increased_diversity,187.0,neutral,0.0,False,stagnation_risk,exact_shapley_wo_simulation,89.0,alpha,Coef. exploracion (alpha),0.0,0.5,0.5,0.5163395530075918,0.6575210824325877,0.8920365651298081,0.1820862013727503,4.898979485566356,0.5,151,89.0,91.6,95.0,89.0,1.1075730823839756,0.8920365651298081
29,1262,5,187,soft,curve_stagnation_detected,random_reinjection,random_aggressive,0.3,29 28 27 6 0 13 7 10 9,9,0,89.0,89.0,0.0,89.0,197,neutral,89.0,0.0,0.9481628465099887,198.0,True,preserved_best_and_increased_diversity,224.0,neutral,0.0,False,stagnation_risk,exact_shapley_wo_simulation,89.0,alpha,Coef. exploracion (alpha),0.0,0.3766666666666667,0.22559854698572146,0.29912023834872276,0.40657281167021597,0.9568185473654782,0.19530976812303663,4.898979485566356,0.6233333333333333,188,89.0,91.73333333333333,95.0,89.0,1.0007940180592219,0.9568185473654782
29,1262,6,224,soft,curve_stagnation_detected,random_reinjection,random_aggressive,0.3,29 28 27 26 25 24 23 22 21,9,0,89.0,89.0,0.0,89.0,234,neutral,89.0,0.0,0.8446550578618585,235.0,True,preserved_best_and_increased_diversity,261.0,neutral,0.0,False,stagnation_risk,exact_shapley_wo_simulation,89.0,alpha,Coef. exploracion (alpha),0.0,0.2533333333333333,0.07822825945178391,-0.36245106525752935,0.11990763994849118,0.03901330040067461,0.007963556596964277,4.898979485566356,0.7466666666666667,225,89.0,89.0,89.0,89.0,0.8377920989678468,0.03901330040067461
30,1263,1,40,soft,curve_stagnation_detected,random_reinjection,random_aggressive,0.3,2 13 3 21 29 22 0 14 7,9,0,89.0,89.0,0.0,89.0,50,neutral,89.0,0.0,1.0666975155971017,51.0,True,preserved_best_and_increased_diversity,77.0,neutral,0.0,False,stagnation_risk,exact_shapley_wo_simulation,89.0,alpha,Coef. exploracion (alpha),0.0,0.8666666666666667,0.975075573352886,0.3449783661574177,0.5098271060791248,1.1175085022681184,0.2281104678148957,4.898979485566356,0.13333333333333333,41,89.0,92.93333333333334,98.0,89.0,1.1551842733898647,1.1175085022681184
30,1263,2,77,soft,curve_stagnation_detected,random_reinjection,random_aggressive,0.3,26 19 27 21 20 29 7 6 13,9,0,89.0,89.0,0.0,89.0,87,neutral,89.0,0.0,0.03923734532138937,88.0,True,preserved_best_and_increased_diversity,114.0,neutral,0.0,False,stagnation_risk,exact_shapley_wo_simulation,89.0,alpha,Coef. exploracion (alpha),0.0,0.7433333333333334,0.919334075010081,-0.1787249833838081,0.42604990286408195,1.0561395746713964,0.21558358792541452,4.898979485566356,0.25666666666666665,78,89.0,92.86666666666666,97.0,89.0,1.0983816934912123,1.0561395746713964
30,1263,3,114,soft,curve_stagnation_detected,random_reinjection,random_aggressive,0.3,29 28 27 20 0 13 7 6 18,9,0,89.0,89.0,0.0,89.0,124,rejected_by_acceptance,,,,,False,rejected_by_conditional_acceptance,114.0,neutral,0.0,False,stagnation_risk,exact_shapley_wo_simulation,89.0,alpha,Coef. exploracion (alpha),0.0,0.62,0.7685247834990176,0.21527950583584168,0.06767096992575017,1.112581220204227,0.2271046905752872,4.898979485566356,0.38,115,89.0,92.4,97.0,89.0,1.059792339311119,1.112581220204227
30,1263,4,159,soft,curve_stagnation_detected,random_reinjection,random_aggressive,0.3,27 13 7 6 0 26 19 10 9,9,0,89.0,89.0,0.0,89.0,169,neutral,89.0,0.0,1.0195465345778316,170.0,True,preserved_best_and_increased_diversity,196.0,neutral,0.0,False,stagnation_risk,exact_shapley_wo_simulation,89.0,alpha,Coef. exploracion (alpha),0.0,0.47,0.42555748318834097,0.5231422775136759,0.41563758692796116,1.006044902718172,0.20535805583228856,4.898979485566356,0.53,160,89.0,91.53333333333333,95.0,89.0,1.0339475173873016,1.006044902718172
30,1263,5,196,soft,curve_stagnation_detected,random_reinjection,random_aggressive,0.3,1 29 27 26 25 28 23 22 21,9,0,89.0,89.0,0.0,89.0,206,neutral,89.0,0.0,1.0439060397974775,207.0,True,preserved_best_and_increased_diversity,233.0,neutral,0.0,False,stagnation_risk,exact_shapley_wo_simulation,89.0,alpha,Coef. exploracion (alpha),0.0,0.3466666666666667,0.1775065027120738,0.37636172052463446,0.465289951523968,0.5250829518734789,0.1071821087270333,4.898979485566356,0.6533333333333333,197,89.0,89.1,92.0,89.0,0.7545193067577364,0.5250829518734789
30,1263,6,233,soft,curve_stagnation_detected,random_reinjection,random_aggressive,0.3,29 28 27 26 25 24 23 22 21,9,0,89.0,89.0,0.0,89.0,243,neutral,89.0,0.0,1.1490380419348978,244.0,True,preserved_best_and_increased_diversity,270.0,neutral,0.0,False,stagnation_risk,exact_shapley_wo_simulation,89.0,alpha,Coef. exploracion (alpha),0.0,0.22333333333333338,0.05915225196352847,-0.18116473975857222,0.6132238318783462,0.46010611252710193,0.09391876693558159,4.898979485566356,0.7766666666666666,234,89.0,89.0,89.0,89.0,0.8228053411062578,0.46010611252710193
