run_id,seed,iteration,profile,target,method,n_coalitions,expected_value,predicted_value,dominant_feature,dominant_label,dominant_value,action,mode,fraction,feature_alpha,feature_beta,feature_danger_signal,feature_safety_signal,feature_diversity,feature_iteration,shap_alpha,shap_beta,shap_danger_signal,shap_safety_signal,shap_diversity,shap_iteration
1,1234,40,soft,stagnation_risk,exact_shapley_wo_simulation,64,151.0,155.0,danger_signal,Senal de peligro,2.0000000000000004,random_reinjection,random_aggressive,0.3,0.8666666666666667,0.975075573352886,0.8751805842287219,0.027178249738643134,0.003690368935953599,0.13333333333333333,0.0,0.0,2.0000000000000004,0.0,0.49999999999999994,1.5
1,1234,76,soft,stagnation_risk,exact_shapley_wo_simulation,64,151.0,151.0,alpha,Coef. exploracion (alpha),0.0,random_reinjection,random_aggressive,0.3,0.7466666666666666,0.921771740548216,0.8727364990532691,0.7992812262073303,0.21233465999901796,0.25333333333333335,0.0,0.0,0.0,0.0,0.0,0.0
1,1234,113,soft,stagnation_risk,exact_shapley_wo_simulation,64,152.0,156.0,iteration,Iteracion normalizada,3.0000000000000027,random_reinjection,random_aggressive,0.3,0.6233333333333333,0.7744014530142785,0.7331467378913586,0.6853014250311664,0.23967227704651142,0.37666666666666665,0.9999999999999999,0.0,0.0,0.0,0.0,3.0000000000000027
1,1234,149,soft,stagnation_risk,exact_shapley_wo_simulation,64,157.0,151.0,iteration,Iteracion normalizada,-6.000000000000002,random_reinjection,random_aggressive,0.3,0.5033333333333334,0.5083325618141192,0.3044040283108793,0.6103324132721877,0.233836358888884,0.49666666666666665,0.0,0.0,0.0,0.0,0.0,-6.000000000000002
1,1234,185,soft,stagnation_risk,exact_shapley_wo_simulation,64,151.0,151.0,iteration,Iteracion normalizada,0.8333333333333333,random_reinjection,random_aggressive,0.3,0.3833333333333333,0.2374580283439025,0.3164883378018504,0.46443384074532956,0.0037784491573443525,0.6166666666666667,0.0,0.0,-1.3333333333333333,5.551115123125783e-17,0.5,0.8333333333333333
1,1234,221,soft,stagnation_risk,exact_shapley_wo_simulation,64,152.0,154.0,iteration,Iteracion normalizada,1.3333333333333335,random_reinjection,random_aggressive,0.3,0.2633333333333333,0.08575010225449586,0.42405352916399885,0.22805605825582653,0.22628573809721586,0.7366666666666667,0.0,0.8333333333333333,0.0,-0.16666666666666666,0.0,1.3333333333333335
2,1235,40,soft,stagnation_risk,exact_shapley_wo_simulation,64,155.0,155.0,alpha,Coef. exploracion (alpha),0.0,random_reinjection,random_aggressive,0.3,0.8666666666666667,0.975075573352886,0.10879154710352829,0.9822773782894985,0.23551883279191,0.13333333333333333,0.0,0.0,0.0,0.0,0.0,0.0
2,1235,76,soft,stagnation_risk,exact_shapley_wo_simulation,64,151.0,152.0,diversity,Diversidad poblacional,0.49999999999999994,random_reinjection,random_aggressive,0.3,0.7466666666666666,0.921771740548216,0.4745733799166689,0.09220903669167468,0.004021457020687062,0.25333333333333335,0.0,0.0,0.0,0.0,0.49999999999999994,0.49999999999999994
2,1235,112,soft,stagnation_risk,exact_shapley_wo_simulation,64,156.0,152.0,danger_signal,Senal de peligro,0.6666666666666666,random_reinjection,random_aggressive,0.3,0.6266666666666667,0.7801716022593175,0.18957028375537555,0.7141380693137916,0.23529672434019755,0.37333333333333335,0.0,-1.3333333333333333,0.6666666666666666,0.0,0.0,-3.333333333333333
2,1235,148,soft,stagnation_risk,exact_shapley_wo_simulation,64,155.0,151.0,iteration,Iteracion normalizada,-2.3333333333333326,random_reinjection,random_aggressive,0.3,0.5066666666666666,0.5166604965694115,0.2724811841668827,0.19133328879236555,0.23693038594618374,0.49333333333333335,0.0,0.0,-0.3333333333333333,-1.3333333333333337,0.0,-2.3333333333333326
2,1235,184,soft,stagnation_risk,exact_shapley_wo_simulation,64,155.0,152.0,iteration,Iteracion normalizada,0.3333333333333333,random_reinjection,random_aggressive,0.3,0.3866666666666667,0.24354647076959568,0.348305754698067,0.3971045584395604,0.22470394988004344,0.6133333333333333,0.0,0.16666666666666666,0.0,-3.5,0.0,0.3333333333333333
2,1235,220,soft,stagnation_risk,exact_shapley_wo_simulation,64,156.0,151.0,beta,Coef. sigmoide (beta),0.33333333333333337,random_reinjection,random_aggressive,0.3,0.2666666666666667,0.08839967720705832,0.549643722062639,0.19855885452930222,0.010433155114831035,0.7333333333333333,0.0,0.33333333333333337,0.0,-1.9999999999999996,-3.3333333333333335,-2.7755575615628914e-17
3,1236,40,soft,stagnation_risk,exact_shapley_wo_simulation,64,155.0,155.0,alpha,Coef. exploracion (alpha),0.0,random_reinjection,random_aggressive,0.3,0.8666666666666667,0.975075573352886,0.47333711163118863,0.8221062836679109,0.23666426033569007,0.13333333333333333,0.0,0.0,0.0,0.0,0.0,0.0
3,1236,76,soft,stagnation_risk,exact_shapley_wo_simulation,64,154.0,155.0,iteration,Iteracion normalizada,1.0000000000000004,random_reinjection,random_aggressive,0.3,0.7466666666666666,0.921771740548216,0.5481188518744745,0.7745728036264512,0.23165605319152754,0.25333333333333335,0.0,0.0,0.0,0.0,0.0,1.0000000000000004
3,1236,112,soft,stagnation_risk,exact_shapley_wo_simulation,64,154.0,151.0,diversity,Diversidad poblacional,0.08333333333333334,random_reinjection,random_aggressive,0.3,0.6266666666666667,0.7801716022593175,0.457078075902701,0.10968648150077098,0.004037027344930793,0.37333333333333335,-0.25,0.0,0.0,-1.4166666666666674,0.08333333333333334,-1.4166666666666665
3,1236,148,soft,stagnation_risk,exact_shapley_wo_simulation,64,152.0,155.0,iteration,Iteracion normalizada,2.166666666666667,random_reinjection,random_aggressive,0.3,0.5066666666666666,0.5166604965694115,0.30490086356380297,0.2156368023698202,0.23383789055374743,0.49333333333333335,1.0,0.0,1.1666666666666665,-1.333333333333334,0.0,2.166666666666667
3,1236,184,soft,stagnation_risk,exact_shapley_wo_simulation,64,151.0,152.0,alpha,Coef. exploracion (alpha),0.5,random_reinjection,random_aggressive,0.3,0.3866666666666667,0.24354647076959568,0.5886855730540894,0.5315016636883148,0.2287661240539736,0.6133333333333333,0.5,0.0,0.0,0.0,0.0,0.5
3,1236,220,soft,stagnation_risk,exact_shapley_wo_simulation,64,151.0,151.0,alpha,Coef. exploracion (alpha),0.0,random_reinjection,random_aggressive,0.3,0.2666666666666667,0.08839967720705832,0.5516616746067161,0.9382792312265332,0.006782454637481999,0.7333333333333333,0.0,0.0,0.0,0.0,0.0,0.0
4,1237,44,soft,stagnation_risk,exact_shapley_wo_simulation,64,152.0,152.0,alpha,Coef. exploracion (alpha),0.0,random_reinjection,random_aggressive,0.3,0.8533333333333333,0.9716214675798642,0.551201962931344,0.7502480204687278,0.18984522402464385,0.14666666666666667,0.0,0.0,0.0,0.0,0.0,0.0
4,1237,80,soft,stagnation_risk,exact_shapley_wo_simulation,64,151.0,151.0,alpha,Coef. exploracion (alpha),0.0,random_reinjection,random_aggressive,0.3,0.7333333333333334,0.9116003227929416,0.37534730873981637,0.8148345173368277,0.17267484449355047,0.26666666666666666,0.0,0.0,0.0,0.0,0.0,0.0
4,1237,117,soft,stagnation_risk,exact_shapley_wo_simulation,64,151.0,151.0,alpha,Coef. exploracion (alpha),0.0,random_reinjection,random_aggressive,0.3,0.61,0.7502601055951177,0.3078325719754177,0.6849838528583366,0.1539565530693571,0.39,0.0,0.0,0.0,0.0,0.0,0.0
4,1237,154,soft,stagnation_risk,exact_shapley_wo_simulation,64,151.0,151.0,alpha,Coef. exploracion (alpha),0.0,random_reinjection,random_aggressive,0.3,0.4866666666666667,0.46671596174886865,0.27575739316374936,0.6556868240979267,0.010516687328735055,0.5133333333333333,0.0,0.0,0.0,0.0,0.0,0.0
4,1237,191,soft,stagnation_risk,exact_shapley_wo_simulation,64,151.0,152.0,danger_signal,Senal de peligro,2.25,random_reinjection,random_aggressive,0.3,0.3633333333333333,0.20315893045582345,0.6421941598940657,0.7841031166112356,0.21885233401842716,0.6366666666666667,0.0,0.24999999999999997,2.25,-1.75,0.0,0.24999999999999997
4,1237,227,soft,stagnation_risk,exact_shapley_wo_simulation,64,152.0,151.0,diversity,Diversidad poblacional,-1.0000000000000004,random_reinjection,random_aggressive,0.3,0.2433333333333333,0.07131475206485394,0.5412653314645147,0.07488287915212954,0.004025546922600653,0.7566666666666667,0.0,0.0,0.0,0.0,-1.0000000000000004,0.0
5,1238,40,soft,stagnation_risk,exact_shapley_wo_simulation,64,155.0,155.0,danger_signal,Senal de peligro,2.0,random_reinjection,random_aggressive,0.3,0.8666666666666667,0.975075573352886,0.655954715951181,0.3172449173626163,0.23171920640736618,0.13333333333333333,0.6666666666666666,0.0,2.0,-1.3333333333333333,0.0,-1.3333333333333333
5,1238,82,soft,stagnation_risk,exact_shapley_wo_simulation,64,152.0,155.0,diversity,Diversidad poblacional,1.916666666666667,random_reinjection,random_aggressive,0.3,0.7266666666666667,0.9060785039807289,0.7259371299965676,0.7647855595969375,0.14441592932896555,0.2733333333333333,0.75,0.0,0.0,-0.08333333333333331,1.916666666666667,0.41666666666666663
5,1238,118,soft,stagnation_risk,exact_shapley_wo_simulation,64,154.0,152.0,safety_signal,Senal de seguridad,1.1666666666666674,random_reinjection,random_aggressive,0.3,0.6066666666666667,0.743962491324758,0.3136416546887439,0.9108606594623608,0.23408930998875588,0.3933333333333333,0.3333333333333333,0.0,-1.833333333333333,1.1666666666666674,0.0,-1.6666666666666665
5,1238,154,soft,stagnation_risk,exact_shapley_wo_simulation,64,151.0,151.0,alpha,Coef. exploracion (alpha),0.0,random_reinjection,random_aggressive,0.3,0.4866666666666667,0.46671596174886865,0.6218269246063779,0.11765836129289886,0.06955342118363834,0.5133333333333333,0.0,0.0,0.0,0.0,0.0,0.0
5,1238,191,soft,stagnation_risk,exact_shapley_wo_simulation,64,151.0,155.0,safety_signal,Senal de seguridad,2.3333333333333326,random_reinjection,random_aggressive,0.3,0.3633333333333333,0.20315893045582345,0.46827927946056525,0.7297194839643251,0.22302230237024107,0.6366666666666667,-0.8333333333333333,0.6666666666666666,0.0,2.3333333333333326,0.0,1.833333333333334
5,1238,227,soft,stagnation_risk,exact_shapley_wo_simulation,64,152.0,156.0,iteration,Iteracion normalizada,3.0,random_reinjection,random_aggressive,0.3,0.2433333333333333,0.07131475206485394,0.4592823097772619,0.5966413461982848,0.22530508662035853,0.7566666666666667,0.0,0.5,0.0,0.5,0.0,3.0
6,1239,40,soft,stagnation_risk,exact_shapley_wo_simulation,64,151.0,151.0,alpha,Coef. exploracion (alpha),0.0,random_reinjection,random_aggressive,0.3,0.8666666666666667,0.975075573352886,0.16911365134215578,0.758496716985316,0.14562524889415132,0.13333333333333333,0.0,0.0,0.0,0.0,0.0,0.0
6,1239,77,soft,stagnation_risk,exact_shapley_wo_simulation,64,152.0,155.0,diversity,Diversidad poblacional,3.6666666666666674,random_reinjection,random_aggressive,0.3,0.7433333333333334,0.919334075010081,0.44134493657974594,0.9061169278000313,0.00374175364860045,0.25666666666666665,0.6666666666666666,0.0,0.0,0.0,3.6666666666666674,-1.3333333333333344
6,1239,113,soft,stagnation_risk,exact_shapley_wo_simulation,64,152.0,155.0,iteration,Iteracion normalizada,3.000000000000001,random_reinjection,random_aggressive,0.3,0.6233333333333333,0.7744014530142785,0.512923274332128,0.8602455642136514,0.2383986788222122,0.37666666666666665,0.0,0.0,0.0,0.0,0.0,3.000000000000001
6,1239,149,soft,stagnation_risk,exact_shapley_wo_simulation,64,152.0,151.0,iteration,Iteracion normalizada,-1.0000000000000004,random_reinjection,random_aggressive,0.3,0.5033333333333334,0.5083325618141192,0.47125984291648165,0.6267383010093195,0.23559174131572155,0.49666666666666665,0.0,0.0,0.0,0.0,0.0,-1.0000000000000004
6,1239,185,soft,stagnation_risk,exact_shapley_wo_simulation,64,156.0,155.0,diversity,Diversidad poblacional,0.6166666666666667,random_reinjection,random_aggressive,0.3,0.3833333333333333,0.2374580283439025,0.6567605005777406,0.14789295410022885,0.003787353035813747,0.6166666666666667,-0.26666666666666666,0.30000000000000004,-0.21666666666666665,-1.3,0.6166666666666667,-0.13333333333333353
6,1239,221,soft,stagnation_risk,exact_shapley_wo_simulation,64,151.0,151.0,alpha,Coef. exploracion (alpha),0.0,random_reinjection,random_aggressive,0.3,0.2633333333333333,0.08575010225449586,0.4978622421612458,0.5960095095284751,0.006835597410503585,0.7366666666666667,0.0,0.0,0.0,0.0,0.0,0.0
7,1240,40,soft,stagnation_risk,exact_shapley_wo_simulation,64,152.0,156.0,safety_signal,Senal de seguridad,4.000000000000002,random_reinjection,random_aggressive,0.3,0.8666666666666667,0.975075573352886,0.4997331101997667,0.9642352670671105,0.2356150240524378,0.13333333333333333,0.0,0.0,0.0,4.000000000000002,0.0,0.0
7,1240,76,soft,stagnation_risk,exact_shapley_wo_simulation,64,151.0,151.0,alpha,Coef. exploracion (alpha),0.0,random_reinjection,random_aggressive,0.3,0.7466666666666666,0.921771740548216,0.6841050626881281,0.7009915044903576,0.1870799659948057,0.25333333333333335,0.0,0.0,0.0,0.0,0.0,0.0
7,1240,113,soft,stagnation_risk,exact_shapley_wo_simulation,64,155.0,155.0,diversity,Diversidad poblacional,2.333333333333334,random_reinjection,random_aggressive,0.3,0.6233333333333333,0.7744014530142785,0.34264873069719626,0.22508320996773057,0.004112477417215336,0.37666666666666665,0.25,0.0,-0.24999999999999997,-1.1666666666666667,2.333333333333334,-1.1666666666666663
7,1240,149,soft,stagnation_risk,exact_shapley_wo_simulation,64,151.0,151.0,beta,Coef. sigmoide (beta),2.7755575615628914e-17,random_reinjection,random_aggressive,0.3,0.5033333333333334,0.5083325618141192,0.3982897426270241,0.4896724890801324,0.2365381166686021,0.49666666666666665,0.0,2.7755575615628914e-17,0.0,0.0,0.0,2.7755575615628914e-17
7,1240,185,soft,stagnation_risk,exact_shapley_wo_simulation,64,151.0,151.0,alpha,Coef. exploracion (alpha),0.0,random_reinjection,random_aggressive,0.3,0.3833333333333333,0.2374580283439025,0.5227241628615324,0.2408928815385405,0.06314326478578171,0.6166666666666667,0.0,0.0,0.0,0.0,0.0,0.0
7,1240,222,soft,stagnation_risk,exact_shapley_wo_simulation,64,152.0,152.0,safety_signal,Senal de seguridad,0.8333333333333329,random_reinjection,random_aggressive,0.3,0.26,0.08317269649392234,0.5009140406880408,0.3537655661621347,0.23103301614742278,0.74,0.0,-1.1666666666666665,0.0,0.8333333333333329,0.0,0.3333333333333333
8,1241,40,soft,stagnation_risk,exact_shapley_wo_simulation,64,151.0,151.0,alpha,Coef. exploracion (alpha),0.0,random_reinjection,random_aggressive,0.3,0.8666666666666667,0.975075573352886,0.23378936916617582,0.6610470727219707,0.20286989850862724,0.13333333333333333,0.0,0.0,0.0,0.0,0.0,0.0
8,1241,77,soft,stagnation_risk,exact_shapley_wo_simulation,64,154.0,154.0,alpha,Coef. exploracion (alpha),0.0,random_reinjection,random_aggressive,0.3,0.7433333333333334,0.919334075010081,0.47687351932278443,0.08578946529372589,0.2319335940351756,0.25666666666666665,0.0,0.0,0.0,0.0,0.0,0.0
8,1241,113,soft,stagnation_risk,exact_shapley_wo_simulation,64,151.0,156.0,safety_signal,Senal de seguridad,3.1666666666666683,random_reinjection,random,0.3,0.6233333333333333,0.7744014530142785,0.6852120522041701,0.6327551936101226,0.25391765800002075,0.37666666666666665,0.0,0.0,1.166666666666667,3.1666666666666683,0.0,0.6666666666666666
8,1241,149,soft,stagnation_risk,exact_shapley_wo_simulation,64,151.0,151.0,alpha,Coef. exploracion (alpha),0.0,random_reinjection,random_aggressive,0.3,0.5033333333333334,0.5083325618141192,0.2848783488825569,0.46990554258181927,0.11047519122109717,0.49666666666666665,0.0,0.0,0.0,0.0,0.0,0.0
8,1241,186,soft,stagnation_risk,exact_shapley_wo_simulation,64,151.0,151.0,alpha,Coef. exploracion (alpha),0.0,random_reinjection,random_aggressive,0.3,0.38,0.23147521650098246,0.434370063572059,0.46813629155428427,0.020101490273078344,0.62,0.0,0.0,0.0,0.0,0.0,0.0
8,1241,223,soft,stagnation_risk,exact_shapley_wo_simulation,64,152.0,152.0,beta,Coef. sigmoide (beta),0.6666666666666666,random_reinjection,random_aggressive,0.3,0.2566666666666667,0.08066592498991898,0.44661981922535565,0.5247926660389481,0.22234554966448294,0.7433333333333333,0.0,0.6666666666666666,0.0,-0.33333333333333315,0.0,-0.33333333333333315
9,1242,40,soft,stagnation_risk,exact_shapley_wo_simulation,64,156.0,154.0,iteration,Iteracion normalizada,-0.6666666666666669,random_reinjection,random_aggressive,0.3,0.8666666666666667,0.975075573352886,0.5567517731006254,0.08448391198026828,0.11895437807195545,0.13333333333333333,0.0,0.0,0.0,-0.6666666666666666,-0.6666666666666666,-0.6666666666666669
9,1242,76,soft,stagnation_risk,exact_shapley_wo_simulation,64,151.0,151.0,alpha,Coef. exploracion (alpha),0.0,random_reinjection,random_aggressive,0.3,0.7466666666666666,0.921771740548216,0.6324347337485632,0.5911489121853424,0.18201088448676847,0.25333333333333335,0.0,0.0,0.0,0.0,0.0,0.0
9,1242,113,soft,stagnation_risk,exact_shapley_wo_simulation,64,155.0,156.0,danger_signal,Senal de peligro,2.833333333333333,random_reinjection,random_aggressive,0.3,0.6233333333333333,0.7744014530142785,0.7509010145079706,0.28765472986528373,0.12545055985132747,0.37666666666666665,0.0,0.0,2.833333333333333,-0.49999999999999994,4.163336342344337e-17,-1.3333333333333335
9,1242,149,soft,stagnation_risk,exact_shapley_wo_simulation,64,151.0,151.0,alpha,Coef. exploracion (alpha),0.0,random_reinjection,random_aggressive,0.3,0.5033333333333334,0.5083325618141192,0.6146124069885547,0.5107425849005839,0.1466368829494595,0.49666666666666665,0.0,0.0,0.0,0.0,0.0,0.0
9,1242,186,soft,stagnation_risk,exact_shapley_wo_simulation,64,155.0,155.0,alpha,Coef. exploracion (alpha),0.0,random_reinjection,random_aggressive,0.3,0.38,0.23147521650098246,0.3825878345880207,0.9912038426652592,0.22928255893217445,0.62,0.0,0.0,0.0,0.0,0.0,0.0
9,1242,222,soft,stagnation_risk,exact_shapley_wo_simulation,64,155.0,156.0,iteration,Iteracion normalizada,1.0000000000000004,random_reinjection,random_aggressive,0.3,0.26,0.08317269649392234,0.5748783938222102,0.511059864915398,0.2298797228180117,0.74,0.0,0.0,0.0,0.0,0.0,1.0000000000000004
10,1243,40,soft,stagnation_risk,exact_shapley_wo_simulation,64,151.0,151.0,alpha,Coef. exploracion (alpha),0.0,random_reinjection,random_aggressive,0.3,0.8666666666666667,0.975075573352886,0.47883744760753344,0.01795217141875849,0.059638546630585626,0.13333333333333333,0.0,0.0,0.0,0.0,0.0,0.0
10,1243,77,soft,stagnation_risk,exact_shapley_wo_simulation,64,151.0,155.0,iteration,Iteracion normalizada,4.000000000000002,random_reinjection,random_aggressive,0.3,0.7433333333333334,0.919334075010081,0.5884813252864562,0.4226896268039855,0.2291411557403276,0.25666666666666665,0.0,0.0,0.0,0.0,0.0,4.000000000000002
10,1243,113,soft,stagnation_risk,exact_shapley_wo_simulation,64,152.0,154.0,danger_signal,Senal de peligro,3.0000000000000027,random_reinjection,random_aggressive,0.3,0.6233333333333333,0.7744014530142785,0.6825972324797243,0.21931811425934167,0.24083845044789706,0.37666666666666665,-1.0,0.0,3.0000000000000027,0.0,0.0,0.0
10,1243,149,soft,stagnation_risk,exact_shapley_wo_simulation,64,152.0,153.0,diversity,Diversidad poblacional,2.8333333333333335,random_reinjection,random_aggressive,0.3,0.5033333333333334,0.5083325618141192,0.7251870531334715,0.19914946766485375,0.0038114143081756,0.49666666666666665,0.0,0.0,-0.6666666666666669,0.0,2.8333333333333335,-1.1666666666666665
10,1243,185,soft,stagnation_risk,exact_shapley_wo_simulation,64,154.0,156.0,diversity,Diversidad poblacional,3.0,random_reinjection,random_aggressive,0.3,0.3833333333333333,0.2374580283439025,0.5453678967438447,0.09559033759127722,0.0037476335403442734,0.6166666666666667,0.0,0.0,0.0,0.0,3.0,-0.9999999999999999
10,1243,221,soft,stagnation_risk,exact_shapley_wo_simulation,64,155.0,155.0,beta,Coef. sigmoide (beta),2.5,random_reinjection,random_aggressive,0.3,0.2633333333333333,0.08575010225449586,0.5257561407069937,0.45279431066678566,0.22587035129856528,0.7366666666666667,0.0,2.5,0.0,0.0,0.0,-2.4999999999999987
11,1244,40,soft,stagnation_risk,exact_shapley_wo_simulation,64,151.0,152.0,beta,Coef. sigmoide (beta),1.0000000000000004,random_reinjection,random,0.3,0.8666666666666667,0.975075573352886,0.49072842867882466,0.49374184152375955,0.26846175498232744,0.13333333333333333,0.0,1.0000000000000004,0.0,0.0,0.0,0.0
11,1244,85,soft,stagnation_risk,exact_shapley_wo_simulation,64,151.0,151.0,alpha,Coef. exploracion (alpha),0.0,random_reinjection,random_aggressive,0.3,0.7166666666666667,0.8972159750827483,0.6465166007739203,0.22478133515751808,0.18718789102871156,0.2833333333333333,0.0,0.0,0.0,0.0,0.0,0.0
11,1244,122,soft,stagnation_risk,exact_shapley_wo_simulation,64,151.0,151.0,alpha,Coef. exploracion (alpha),0.0,random_reinjection,random_aggressive,0.3,0.5933333333333333,0.71775105695774,0.6358264095921871,0.4308802580413039,0.12879308141776213,0.4066666666666667,0.0,0.0,0.0,0.0,0.0,0.0
11,1244,159,soft,stagnation_risk,exact_shapley_wo_simulation,64,151.0,151.0,alpha,Coef. exploracion (alpha),0.0,random_reinjection,random_aggressive,0.3,0.47,0.42555748318834097,0.4472458959705615,0.6148840587078058,0.10177517131107691,0.53,0.0,0.0,0.0,0.0,0.0,0.0
11,1244,196,soft,stagnation_risk,exact_shapley_wo_simulation,64,151.0,151.0,alpha,Coef. exploracion (alpha),0.0,random_reinjection,random_aggressive,0.3,0.3466666666666667,0.1775065027120738,0.49875346996423303,0.45255758093177045,0.03021458821700239,0.6533333333333333,0.0,0.0,0.0,0.0,0.0,0.0
11,1244,233,soft,stagnation_risk,exact_shapley_wo_simulation,64,151.0,151.0,alpha,Coef. exploracion (alpha),0.0,random_reinjection,random_aggressive,0.3,0.22333333333333338,0.05915225196352847,0.44803604092164934,0.6799284042244037,0.2234395529417812,0.7766666666666666,0.0,0.0,0.0,0.0,0.0,0.0
12,1245,40,soft,stagnation_risk,exact_shapley_wo_simulation,64,151.0,151.0,alpha,Coef. exploracion (alpha),0.0,random_reinjection,random_aggressive,0.3,0.8666666666666667,0.975075573352886,0.8729652082557313,0.611379156135323,0.11079822459152742,0.13333333333333333,0.0,0.0,0.0,0.0,0.0,0.0
12,1245,77,soft,stagnation_risk,exact_shapley_wo_simulation,64,151.0,151.0,safety_signal,Senal de seguridad,0.3333333333333333,random_reinjection,random_aggressive,0.3,0.7433333333333334,0.919334075010081,0.7712578894088931,0.8058260862348618,0.08619469199941189,0.25666666666666665,0.0,0.0,-0.16666666666666666,0.3333333333333333,-0.16666666666666666,0.0
12,1245,114,soft,stagnation_risk,exact_shapley_wo_simulation,64,152.0,151.0,danger_signal,Senal de peligro,2.7755575615628914e-17,random_reinjection,random_aggressive,0.3,0.62,0.7685247834990176,0.22261186553876233,0.9358992081837789,0.24132917858422093,0.38,0.0,0.0,2.7755575615628914e-17,0.0,0.0,-1.0
12,1245,150,soft,stagnation_risk,exact_shapley_wo_simulation,64,152.0,152.0,alpha,Coef. exploracion (alpha),0.0,random_reinjection,random_aggressive,0.3,0.5,0.5,0.5247113568937432,0.2719671763984437,0.234992003368872,0.5,0.0,0.0,0.0,0.0,0.0,0.0
12,1245,186,soft,stagnation_risk,exact_shapley_wo_simulation,64,152.0,156.0,iteration,Iteracion normalizada,3.333333333333333,random_reinjection,random_aggressive,0.3,0.38,0.23147521650098246,0.5664306795209046,0.13670993017438926,0.2297964239097938,0.62,0.0,1.3333333333333333,0.0,-0.6666666666666666,0.0,3.333333333333333
12,1245,222,soft,stagnation_risk,exact_shapley_wo_simulation,64,153.0,151.0,diversity,Diversidad poblacional,-1.5000000000000004,random_reinjection,random_aggressive,0.3,0.26,0.08317269649392234,0.42912436422610767,0.7277979831185227,0.004197473327795419,0.74,0.0,0.0,0.0,0.0,-1.5000000000000004,-0.49999999999999994
13,1246,40,soft,stagnation_risk,exact_shapley_wo_simulation,64,151.0,152.0,diversity,Diversidad poblacional,1.0000000000000004,random_reinjection,random_aggressive,0.3,0.8666666666666667,0.975075573352886,0.558857401381913,0.18680792843664007,0.004260567672800459,0.13333333333333333,0.0,0.0,0.0,0.0,1.0000000000000004,0.0
13,1246,76,soft,stagnation_risk,exact_shapley_wo_simulation,64,151.0,151.0,alpha,Coef. exploracion (alpha),0.0,random_reinjection,random_aggressive,0.3,0.7466666666666666,0.921771740548216,0.4051674601845156,0.9882526814341936,0.13210787810711866,0.25333333333333335,0.0,0.0,0.0,0.0,0.0,0.0
13,1246,113,soft,stagnation_risk,exact_shapley_wo_simulation,64,151.0,151.0,alpha,Coef. exploracion (alpha),0.0,random_reinjection,random_aggressive,0.3,0.6233333333333333,0.7744014530142785,0.4282393338184415,0.169312377181997,0.10337601964916283,0.37666666666666665,0.0,0.0,0.0,0.0,0.0,0.0
13,1246,150,soft,stagnation_risk,exact_shapley_wo_simulation,64,152.0,152.0,iteration,Iteracion normalizada,0.5,random_reinjection,random_aggressive,0.3,0.5,0.5,0.2908051095826836,0.13541809455794174,0.23698571402214208,0.5,0.0,-0.49999999999999994,-2.7755575615628914e-17,0.0,0.0,0.5
13,1246,186,soft,stagnation_risk,exact_shapley_wo_simulation,64,152.0,152.0,iteration,Iteracion normalizada,0.5,random_reinjection,random_aggressive,0.3,0.38,0.23147521650098246,0.4968873635621237,0.46649034619393637,0.23037149180765465,0.62,0.0,-0.49999999999999994,0.0,0.0,0.0,0.5
13,1246,222,soft,stagnation_risk,exact_shapley_wo_simulation,64,151.0,151.0,alpha,Coef. exploracion (alpha),0.0,random_reinjection,random_aggressive,0.3,0.26,0.08317269649392234,0.5503870867281094,0.9508014914227528,0.02935205199455415,0.74,0.0,0.0,0.0,0.0,0.0,0.0
14,1247,40,soft,stagnation_risk,exact_shapley_wo_simulation,64,156.0,154.0,alpha,Coef. exploracion (alpha),-1.0,random_reinjection,random_aggressive,0.3,0.8666666666666667,0.975075573352886,0.6063790090337264,0.618774515619224,0.23553619998182276,0.13333333333333333,-1.0,0.0,0.0,0.0,0.0,-1.0
14,1247,76,soft,stagnation_risk,exact_shapley_wo_simulation,64,151.0,152.0,safety_signal,Senal de seguridad,0.49999999999999994,random_reinjection,random_aggressive,0.3,0.7466666666666666,0.921771740548216,0.5884657022815789,0.09156801080302812,0.23785718554023566,0.25333333333333335,0.0,0.0,0.0,0.49999999999999994,0.0,0.49999999999999994
14,1247,112,soft,stagnation_risk,exact_shapley_wo_simulation,64,152.0,152.0,alpha,Coef. exploracion (alpha),0.0,random_reinjection,random_aggressive,0.3,0.6266666666666667,0.7801716022593175,0.590446681146447,0.4232803757782122,0.24338277027970617,0.37333333333333335,0.0,0.0,0.0,0.0,0.0,0.0
14,1247,148,soft,stagnation_risk,exact_shapley_wo_simulation,64,151.0,151.0,alpha,Coef. exploracion (alpha),0.0,random_reinjection,random_aggressive,0.3,0.5066666666666666,0.5166604965694115,0.47789581254935476,0.8701260496495858,0.12478395897330745,0.49333333333333335,0.0,0.0,0.0,0.0,0.0,0.0
14,1247,185,soft,stagnation_risk,exact_shapley_wo_simulation,64,155.0,152.0,alpha,Coef. exploracion (alpha),-1.5000000000000004,random_reinjection,random_aggressive,0.3,0.3833333333333333,0.2374580283439025,0.579821473789945,0.8000498457266217,0.23026987800704032,0.6166666666666667,-1.5000000000000004,0.0,0.0,0.0,0.0,-1.5000000000000004
14,1247,221,soft,stagnation_risk,exact_shapley_wo_simulation,64,152.0,151.0,safety_signal,Senal de seguridad,-0.49999999999999994,random_reinjection,random_aggressive,0.3,0.2633333333333333,0.08575010225449586,0.3954597733469107,0.4955750271721425,0.0038292205571196156,0.7366666666666667,0.0,0.0,0.0,-0.49999999999999994,-0.49999999999999994,0.0
15,1248,40,soft,stagnation_risk,exact_shapley_wo_simulation,64,151.0,151.0,alpha,Coef. exploracion (alpha),0.0,random_reinjection,random_aggressive,0.3,0.8666666666666667,0.975075573352886,0.4929167932277154,0.6524458597273438,0.15877014318987517,0.13333333333333333,0.0,0.0,0.0,0.0,0.0,0.0
15,1248,77,soft,stagnation_risk,exact_shapley_wo_simulation,64,154.0,155.0,diversity,Diversidad poblacional,0.8333333333333331,random_reinjection,random_aggressive,0.3,0.7433333333333334,0.919334075010081,0.5325624506174551,0.20269527561669343,0.0038666378287294844,0.25666666666666665,0.0,-0.16666666666666666,0.0,0.3333333333333335,0.8333333333333331,0.0
15,1248,113,soft,stagnation_risk,exact_shapley_wo_simulation,64,151.0,152.0,danger_signal,Senal de peligro,1.1666666666666667,random_reinjection,random_aggressive,0.3,0.6233333333333333,0.7744014530142785,0.6269776195313831,0.6741277962446396,0.23684752034722545,0.37666666666666665,-0.3333333333333333,0.0,1.1666666666666667,0.16666666666666663,0.0,0.0
15,1248,149,soft,stagnation_risk,exact_shapley_wo_simulation,64,152.0,155.0,beta,Coef. sigmoide (beta),3.5000000000000004,random_reinjection,random_aggressive,0.3,0.5033333333333334,0.5083325618141192,0.595861455110071,0.3633242088575732,0.24505590697786314,0.49666666666666665,0.0,3.5000000000000004,0.0,0.0,0.0,-0.49999999999999994
15,1248,185,soft,stagnation_risk,exact_shapley_wo_simulation,64,154.0,156.0,danger_signal,Senal de peligro,1.5000000000000009,random_reinjection,random_aggressive,0.3,0.3833333333333333,0.2374580283439025,0.6295967415924587,0.1485371930683962,0.23250456058672472,0.6166666666666667,0.0,0.49999999999999994,1.5000000000000009,0.0,0.0,0.0
15,1248,221,soft,stagnation_risk,exact_shapley_wo_simulation,64,152.0,155.0,alpha,Coef. exploracion (alpha),1.9999999999999998,random_reinjection,random_aggressive,0.3,0.2633333333333333,0.08575010225449586,0.5162282971951266,0.8185310091105372,0.22763335142222582,0.7366666666666667,1.9999999999999998,0.0,0.0,0.0,0.0,1.0
16,1249,40,soft,stagnation_risk,exact_shapley_wo_simulation,64,151.0,154.0,danger_signal,Senal de peligro,3.000000000000001,random_reinjection,random,0.3,0.8666666666666667,0.975075573352886,0.15295904977037783,0.1680638171155172,0.26610519249129677,0.13333333333333333,0.0,0.0,3.000000000000001,0.0,0.0,0.0
16,1249,76,soft,stagnation_risk,exact_shapley_wo_simulation,64,152.0,152.0,safety_signal,Senal de seguridad,0.9999999999999999,random_reinjection,random_aggressive,0.3,0.7466666666666666,0.921771740548216,0.8263431627113962,0.7022754910319197,0.14213013782053052,0.25333333333333335,0.0,0.0,1.1102230246251565e-16,0.9999999999999999,0.0,-1.0
16,1249,112,soft,stagnation_risk,exact_shapley_wo_simulation,64,151.0,151.0,danger_signal,Senal de peligro,2.0000000000000004,random_reinjection,random_aggressive,0.3,0.6266666666666667,0.7801716022593175,0.28643492535145126,0.8564293455409316,0.15582042605567062,0.37333333333333335,0.0,0.0,2.0000000000000004,-2.5000000000000004,0.0,0.49999999999999967
16,1249,148,soft,stagnation_risk,exact_shapley_wo_simulation,64,152.0,153.0,diversity,Diversidad poblacional,7.2499999999999964,random_reinjection,random_aggressive,0.3,0.5066666666666666,0.5166604965694115,0.2534670763444547,0.3623961348250242,0.0036874473487539384,0.49333333333333335,0.0,-0.24999999999999997,-2.2500000000000004,0.0,7.2499999999999964,-3.749999999999999
16,1249,184,soft,stagnation_risk,exact_shapley_wo_simulation,64,156.0,156.0,alpha,Coef. exploracion (alpha),0.0,random_reinjection,random_aggressive,0.3,0.3866666666666667,0.24354647076959568,0.4573236691799007,0.006918819498033524,0.018086001298108282,0.6133333333333333,0.0,0.0,0.0,0.0,0.0,0.0
16,1249,220,soft,stagnation_risk,exact_shapley_wo_simulation,64,151.0,151.0,safety_signal,Senal de seguridad,1.5833333333333333,random_reinjection,random_aggressive,0.3,0.2666666666666667,0.08839967720705832,0.48681421200586183,0.5454522664305499,0.03600532546357697,0.7333333333333333,-0.25,0.3333333333333333,0.0,1.5833333333333333,-1.4166666666666672,-0.25
17,1250,40,soft,stagnation_risk,exact_shapley_wo_simulation,64,151.0,155.0,danger_signal,Senal de peligro,4.000000000000002,random_reinjection,random,0.3,0.8666666666666667,0.975075573352886,0.7733496368023427,0.20855039694287802,0.26646909354623427,0.13333333333333333,0.0,0.0,4.000000000000002,0.0,0.0,0.0
17,1250,76,soft,stagnation_risk,exact_shapley_wo_simulation,64,151.0,152.0,iteration,Iteracion normalizada,1.9999999999999998,random_reinjection,random_aggressive,0.3,0.7466666666666666,0.921771740548216,0.5230604285208476,0.362162102889781,0.004320917827991729,0.25333333333333335,0.0,0.0,0.0,0.0,-1.0,1.9999999999999998
17,1250,112,soft,stagnation_risk,exact_shapley_wo_simulation,64,152.0,152.0,alpha,Coef. exploracion (alpha),0.0,random_reinjection,random_aggressive,0.3,0.6266666666666667,0.7801716022593175,0.5221285492268187,0.18235972622203045,0.23983797085753544,0.37333333333333335,0.0,0.0,0.0,0.0,0.0,0.0
17,1250,148,soft,stagnation_risk,exact_shapley_wo_simulation,64,153.0,153.0,alpha,Coef. exploracion (alpha),0.0,random_reinjection,random_aggressive,0.3,0.5066666666666666,0.5166604965694115,0.39476405788151503,0.06214483368545787,0.23647765654317154,0.49333333333333335,0.0,0.0,0.0,0.0,0.0,0.0
17,1250,184,soft,stagnation_risk,exact_shapley_wo_simulation,64,152.0,152.0,alpha,Coef. exploracion (alpha),0.0,random_reinjection,random_aggressive,0.3,0.3866666666666667,0.24354647076959568,0.6317755723090381,0.429280501943645,0.08989618917533403,0.6133333333333333,0.0,0.0,0.0,0.0,0.0,0.0
17,1250,221,soft,stagnation_risk,exact_shapley_wo_simulation,64,152.0,152.0,danger_signal,Senal de peligro,1.25,random_reinjection,random_aggressive,0.3,0.2633333333333333,0.08575010225449586,0.6297034754022597,0.9378761585994722,0.21873992995864616,0.7366666666666667,-0.7499999999999999,0.0,1.25,0.9166666666666667,0.0,-1.4166666666666665
18,1251,40,soft,stagnation_risk,exact_shapley_wo_simulation,64,152.0,152.0,alpha,Coef. exploracion (alpha),0.0,random_reinjection,random_aggressive,0.3,0.8666666666666667,0.975075573352886,0.3767397414164212,0.2705204398608225,0.24142895778313925,0.13333333333333333,0.0,0.0,0.0,0.0,0.0,0.0
18,1251,76,soft,stagnation_risk,exact_shapley_wo_simulation,64,152.0,154.0,diversity,Diversidad poblacional,3.6666666666666674,random_reinjection,random_aggressive,0.3,0.7466666666666666,0.921771740548216,0.45719065504482553,0.9820153451397939,0.0037688763735821153,0.25333333333333335,-0.3333333333333333,0.0,0.0,0.0,3.6666666666666674,-1.3333333333333335
18,1251,112,soft,stagnation_risk,exact_shapley_wo_simulation,64,152.0,153.0,diversity,Diversidad poblacional,2.7333333333333334,random_reinjection,random_aggressive,0.3,0.6266666666666667,0.7801716022593175,0.6508050575091043,0.9483587356903922,0.004035029397868378,0.37333333333333335,-0.7666666666666667,0.0,-0.43333333333333335,0.2333333333333333,2.7333333333333334,-0.7666666666666667
18,1251,148,soft,stagnation_risk,exact_shapley_wo_simulation,64,152.0,151.0,beta,Coef. sigmoide (beta),0.9999999999999999,random_reinjection,random_aggressive,0.3,0.5066666666666666,0.5166604965694115,0.3912619996056249,0.35082035322619276,0.23922572805489722,0.49333333333333335,0.0,0.9999999999999999,0.0,0.0,0.0,-2.000000000000001
18,1251,184,soft,stagnation_risk,exact_shapley_wo_simulation,64,151.0,152.0,iteration,Iteracion normalizada,0.5,random_reinjection,random_aggressive,0.3,0.3866666666666667,0.24354647076959568,0.6052773813223762,0.5603338081968494,0.22572095605440806,0.6133333333333333,0.0,0.49999999999999994,0.0,0.0,0.0,0.5
18,1251,220,soft,stagnation_risk,exact_shapley_wo_simulation,64,151.0,151.0,alpha,Coef. exploracion (alpha),0.0,random_reinjection,random_aggressive,0.3,0.2666666666666667,0.08839967720705832,0.41133065701075455,0.15476123206217363,0.015967453310984647,0.7333333333333333,0.0,0.0,0.0,0.0,0.0,0.0
19,1252,40,soft,stagnation_risk,exact_shapley_wo_simulation,64,152.0,152.0,danger_signal,Senal de peligro,0.5,random_reinjection,random_aggressive,0.3,0.8666666666666667,0.975075573352886,0.1368457235540952,0.10130172797713843,0.24030674303917124,0.13333333333333333,0.0,0.0,0.5,-0.49999999999999994,0.0,0.0
19,1252,76,soft,stagnation_risk,exact_shapley_wo_simulation,64,151.0,152.0,iteration,Iteracion normalizada,1.0000000000000004,random_reinjection,random_aggressive,0.3,0.7466666666666666,0.921771740548216,0.5760034599497114,0.9535932821356488,0.23691258516249672,0.25333333333333335,0.0,0.0,0.0,0.0,0.0,1.0000000000000004
19,1252,112,soft,stagnation_risk,exact_shapley_wo_simulation,64,152.0,152.0,alpha,Coef. exploracion (alpha),0.49999999999999994,random_reinjection,random_aggressive,0.3,0.6266666666666667,0.7801716022593175,0.6752652295036266,0.9809756103925555,0.23300364083010563,0.37333333333333335,0.49999999999999994,0.0,0.0,0.0,0.0,-0.5
19,1252,148,soft,stagnation_risk,exact_shapley_wo_simulation,64,151.0,151.0,alpha,Coef. exploracion (alpha),0.0,random_reinjection,random_aggressive,0.3,0.5066666666666666,0.5166604965694115,0.7359919978866336,0.2341037438133976,0.1264196117366261,0.49333333333333335,0.0,0.0,0.0,0.0,0.0,0.0
19,1252,185,soft,stagnation_risk,exact_shapley_wo_simulation,64,151.0,151.0,alpha,Coef. exploracion (alpha),0.0,random_reinjection,random_aggressive,0.3,0.3833333333333333,0.2374580283439025,0.47207053238859475,0.11344783120267776,0.026019135142173445,0.6166666666666667,0.0,0.0,0.0,0.0,0.0,0.0
19,1252,222,soft,stagnation_risk,exact_shapley_wo_simulation,64,157.0,155.0,iteration,Iteracion normalizada,-2.000000000000001,random_reinjection,random_aggressive,0.3,0.26,0.08317269649392234,0.4319936939334893,0.6329356331170535,0.2215751651213402,0.74,0.0,0.0,0.0,0.0,0.0,-2.000000000000001
20,1253,40,soft,stagnation_risk,exact_shapley_wo_simulation,64,151.0,151.0,alpha,Coef. exploracion (alpha),0.0,random_reinjection,random_aggressive,0.3,0.8666666666666667,0.975075573352886,0.07801988280160604,0.6860332164448474,0.23723258312468204,0.13333333333333333,0.0,0.0,0.0,0.0,0.0,0.0
20,1253,76,soft,stagnation_risk,exact_shapley_wo_simulation,64,151.0,151.0,alpha,Coef. exploracion (alpha),0.0,random_reinjection,random_aggressive,0.3,0.7466666666666666,0.921771740548216,0.25014524529590076,0.8740344802680834,0.17702391331183953,0.25333333333333335,0.0,0.0,0.0,0.0,0.0,0.0
20,1253,113,soft,stagnation_risk,exact_shapley_wo_simulation,64,151.0,151.0,alpha,Coef. exploracion (alpha),0.0,random_reinjection,random_aggressive,0.3,0.6233333333333333,0.7744014530142785,0.3935649124238236,0.49303478870907413,0.23816826459812143,0.37666666666666665,0.0,0.0,0.0,0.0,0.0,0.0
20,1253,149,soft,stagnation_risk,exact_shapley_wo_simulation,64,151.0,151.0,alpha,Coef. exploracion (alpha),0.0,random_reinjection,random_aggressive,0.3,0.5033333333333334,0.5083325618141192,0.7096055702889541,0.9253280686481485,0.0488758060379342,0.49666666666666665,0.0,0.0,0.0,0.0,0.0,0.0
20,1253,186,soft,stagnation_risk,exact_shapley_wo_simulation,64,152.0,151.0,alpha,Coef. exploracion (alpha),0.08333333333333333,random_reinjection,random_aggressive,0.3,0.38,0.23147521650098246,0.591354035752345,0.283916889209023,0.0038112378298009613,0.62,0.08333333333333333,0.0,0.0,0.08333333333333333,-0.9166666666666667,-0.24999999999999997
20,1253,223,soft,stagnation_risk,exact_shapley_wo_simulation,64,152.0,151.0,alpha,Coef. exploracion (alpha),-0.24999999999999997,random_reinjection,random_aggressive,0.3,0.2566666666666667,0.08066592498991898,0.3776017804383117,0.3386050768136101,0.0037921342428127386,0.7433333333333333,-0.24999999999999997,0.0,0.0,-0.24999999999999997,-0.24999999999999997,-0.24999999999999997
21,1254,52,soft,stagnation_risk,exact_shapley_wo_simulation,64,151.0,151.0,alpha,Coef. exploracion (alpha),0.0,random_reinjection,random_aggressive,0.3,0.8266666666666667,0.9632674093279703,0.808673529195656,0.41296323358039977,0.17275425162120853,0.17333333333333334,0.0,0.0,0.0,0.0,0.0,0.0
21,1254,89,soft,stagnation_risk,exact_shapley_wo_simulation,64,154.0,155.0,danger_signal,Senal de peligro,1.1666666666666667,random_reinjection,random_aggressive,0.3,0.7033333333333334,0.8842526814109778,0.20849203246534914,0.588248480291161,0.1762676099329962,0.2966666666666667,0.16666666666666666,0.0,1.1666666666666667,0.0,0.0,-0.3333333333333333
21,1254,125,soft,stagnation_risk,exact_shapley_wo_simulation,64,155.0,152.0,safety_signal,Senal de seguridad,-3.000000000000001,random_reinjection,random_aggressive,0.3,0.5833333333333333,0.6970592839654073,0.38215701729618695,0.45164087372424855,0.24033935625902403,0.4166666666666667,0.0,0.0,0.0,-3.000000000000001,0.0,0.0
21,1254,170,soft,stagnation_risk,exact_shapley_wo_simulation,64,151.0,151.0,alpha,Coef. exploracion (alpha),0.0,random_reinjection,random_aggressive,0.3,0.43333333333333335,0.3392436312341828,0.6540610505476677,0.4170255419589225,0.10532475627914442,0.5666666666666667,0.0,0.0,0.0,0.0,0.0,0.0
21,1254,207,soft,stagnation_risk,exact_shapley_wo_simulation,64,156.0,152.0,beta,Coef. sigmoide (beta),0.5,random_reinjection,random_aggressive,0.3,0.31000000000000005,0.13010847436299788,0.37526480564773657,0.09789603687111625,0.2182142964856821,0.69,0.33333333333333337,0.5,0.0,-3.166666666666668,0.0,-1.6666666666666663
21,1254,243,soft,stagnation_risk,exact_shapley_wo_simulation,64,152.0,151.0,iteration,Iteracion normalizada,1.4999999999999996,random_reinjection,random_aggressive,0.3,0.18999999999999995,0.04310725494108614,0.45074355234247854,0.8201705924110468,0.0036427570588581093,0.81,1.0,0.0,0.0,0.0,-3.499999999999999,1.4999999999999996
22,1255,40,soft,stagnation_risk,exact_shapley_wo_simulation,64,151.0,151.0,alpha,Coef. exploracion (alpha),0.0,random_reinjection,random_aggressive,0.3,0.8666666666666667,0.975075573352886,0.6350876612901782,0.8027661097236309,0.1695018226452194,0.13333333333333333,0.0,0.0,0.0,0.0,0.0,0.0
22,1255,77,soft,stagnation_risk,exact_shapley_wo_simulation,64,151.0,151.0,alpha,Coef. exploracion (alpha),0.0,random_reinjection,random_aggressive,0.3,0.7433333333333334,0.919334075010081,0.5735325327787251,0.06475847055663064,0.11160985717307856,0.25666666666666665,0.0,0.0,0.0,0.0,0.0,0.0
22,1255,114,soft,stagnation_risk,exact_shapley_wo_simulation,64,151.0,155.0,iteration,Iteracion normalizada,2.333333333333334,random_reinjection,random_aggressive,0.3,0.62,0.7685247834990176,0.4200732593326918,0.6400412407478778,0.23330381794154326,0.38,-0.16666666666666666,0.0,0.0,1.8333333333333341,0.0,2.333333333333334
22,1255,150,soft,stagnation_risk,exact_shapley_wo_simulation,64,151.0,151.0,alpha,Coef. exploracion (alpha),0.0,random_reinjection,random_aggressive,0.3,0.5,0.5,0.6298763654674696,0.8035972015792298,0.08433470809502212,0.5,0.0,0.0,0.0,0.0,0.0,0.0
22,1255,187,soft,stagnation_risk,exact_shapley_wo_simulation,64,151.0,152.0,safety_signal,Senal de seguridad,2.4999999999999987,random_reinjection,random_aggressive,0.3,0.3766666666666667,0.22559854698572146,0.4380846777657938,0.5488096201265378,0.22453724283600368,0.6233333333333333,0.0,0.0,0.0,2.4999999999999987,0.0,-1.5
22,1255,223,soft,stagnation_risk,exact_shapley_wo_simulation,64,151.0,156.0,iteration,Iteracion normalizada,2.6666666666666665,random_reinjection,random_aggressive,0.3,0.2566666666666667,0.08066592498991898,0.392545141328138,0.7335959989641142,0.22161855667035585,0.7433333333333333,-0.6666666666666666,0.8333333333333336,0.0,2.1666666666666665,0.0,2.6666666666666665
23,1256,40,soft,stagnation_risk,exact_shapley_wo_simulation,64,151.0,151.0,alpha,Coef. exploracion (alpha),0.0,random_reinjection,random_aggressive,0.3,0.8666666666666667,0.975075573352886,0.5609699878293668,0.22209719698858632,0.11363083776630586,0.13333333333333333,0.0,0.0,0.0,0.0,0.0,0.0
23,1256,77,soft,stagnation_risk,exact_shapley_wo_simulation,64,151.0,155.0,danger_signal,Senal de peligro,2.666666666666667,random_reinjection,random_aggressive,0.3,0.7433333333333334,0.919334075010081,0.15713019958146124,0.8578153422357662,0.2331182089397501,0.25666666666666665,0.0,-0.5,2.666666666666667,1.6666666666666665,0.0,0.16666666666666666
23,1256,113,soft,stagnation_risk,exact_shapley_wo_simulation,64,152.0,151.0,danger_signal,Senal de peligro,1.2500000000000002,random_reinjection,random_aggressive,0.3,0.6233333333333333,0.7744014530142785,0.2755062832740156,0.839429814957581,0.2376905598456452,0.37666666666666665,0.0,0.25,1.2500000000000002,-0.7500000000000001,0.25,-2.0
23,1256,149,soft,stagnation_risk,exact_shapley_wo_simulation,64,151.0,151.0,alpha,Coef. exploracion (alpha),0.0,random_reinjection,random_aggressive,0.3,0.5033333333333334,0.5083325618141192,0.36624158007456536,0.2801794313729453,0.17684342619020882,0.49666666666666665,0.0,0.0,0.0,0.0,0.0,0.0
23,1256,186,soft,stagnation_risk,exact_shapley_wo_simulation,64,151.0,151.0,alpha,Coef. exploracion (alpha),0.0,random_reinjection,random_aggressive,0.3,0.38,0.23147521650098246,0.534910841013418,0.2195481122341384,0.009690796235582584,0.62,0.0,0.0,0.0,0.0,0.0,0.0
23,1256,223,soft,stagnation_risk,exact_shapley_wo_simulation,64,151.0,152.0,iteration,Iteracion normalizada,0.5,random_reinjection,random_aggressive,0.3,0.2566666666666667,0.08066592498991898,0.5756802275817962,0.7985118366172023,0.22058659262379954,0.7433333333333333,0.0,0.49999999999999994,0.0,0.0,0.0,0.5
24,1257,40,soft,stagnation_risk,exact_shapley_wo_simulation,64,151.0,151.0,alpha,Coef. exploracion (alpha),0.0,random_reinjection,random_aggressive,0.3,0.8666666666666667,0.975075573352886,0.29813867835278485,0.03472042151729615,0.15340359843820306,0.13333333333333333,0.0,0.0,0.0,0.0,0.0,0.0
24,1257,77,soft,stagnation_risk,exact_shapley_wo_simulation,64,156.0,156.0,alpha,Coef. exploracion (alpha),0.0,random_reinjection,random_aggressive,0.3,0.7433333333333334,0.919334075010081,0.7195800401876689,0.9261702640401526,0.2328707968424139,0.25666666666666665,0.0,0.0,0.0,0.0,0.0,0.0
24,1257,113,soft,stagnation_risk,exact_shapley_wo_simulation,64,156.0,156.0,alpha,Coef. exploracion (alpha),0.3333333333333333,random_reinjection,random_aggressive,0.3,0.6233333333333333,0.7744014530142785,0.3655346872943992,0.6406109965293129,0.0037307493361312494,0.37666666666666665,0.3333333333333333,0.0,0.0,0.0,-0.6666666666666666,0.3333333333333333
24,1257,149,soft,stagnation_risk,exact_shapley_wo_simulation,64,151.0,151.0,safety_signal,Senal de seguridad,1.8333333333333353,random_reinjection,random_aggressive,0.3,0.5033333333333334,0.5083325618141192,0.2635829094666904,0.6305390909535917,0.2432044620152927,0.49666666666666665,0.0,0.3333333333333333,1.333333333333334,1.8333333333333353,0.0,-3.5
24,1257,185,soft,stagnation_risk,exact_shapley_wo_simulation,64,151.0,151.0,alpha,Coef. exploracion (alpha),0.0,random_reinjection,random_aggressive,0.3,0.3833333333333333,0.2374580283439025,0.39809815348876443,0.510158613920169,0.06750873966615088,0.6166666666666667,0.0,0.0,0.0,0.0,0.0,0.0
24,1257,222,soft,stagnation_risk,exact_shapley_wo_simulation,64,152.0,155.0,beta,Coef. sigmoide (beta),3.000000000000001,random_reinjection,random_aggressive,0.3,0.26,0.08317269649392234,0.5861426334910647,0.0573261014946167,0.22141077489049596,0.74,0.0,3.000000000000001,0.0,0.0,0.0,0.0
25,1258,40,soft,stagnation_risk,exact_shapley_wo_simulation,64,151.0,151.0,alpha,Coef. exploracion (alpha),0.0,random_reinjection,random_aggressive,0.3,0.8666666666666667,0.975075573352886,0.2829896752799393,0.011555948870988875,0.17828117975224936,0.13333333333333333,0.0,0.0,0.0,0.0,0.0,0.0
25,1258,77,soft,stagnation_risk,exact_shapley_wo_simulation,64,151.0,154.0,danger_signal,Senal de peligro,1.5,random_reinjection,random_aggressive,0.3,0.7433333333333334,0.919334075010081,0.6700309465408065,0.4329045990078302,0.2377191994860533,0.25666666666666665,0.0,0.0,1.5,0.0,0.0,1.5
25,1258,113,soft,stagnation_risk,exact_shapley_wo_simulation,64,151.0,151.0,beta,Coef. sigmoide (beta),0.49999999999999994,random_reinjection,random_aggressive,0.3,0.6233333333333333,0.7744014530142785,0.5477538882155174,0.4892468012222114,0.23349492195318364,0.37666666666666665,0.0,0.49999999999999994,0.0,0.0,0.0,-0.5
25,1258,149,soft,stagnation_risk,exact_shapley_wo_simulation,64,154.0,153.0,diversity,Diversidad poblacional,0.5,random_reinjection,random_aggressive,0.3,0.5033333333333334,0.5083325618141192,0.5866380828204698,0.14130270312927673,0.0037884904959991955,0.49666666666666665,0.0,0.0,0.0,0.0,0.5,-1.5000000000000004
25,1258,185,soft,stagnation_risk,exact_shapley_wo_simulation,64,152.0,155.0,diversity,Diversidad poblacional,2.2500000000000004,random_reinjection,random_aggressive,0.3,0.3833333333333333,0.2374580283439025,0.5215976177582886,0.5617789115418119,0.003952329808063696,0.6166666666666667,1.0833333333333333,0.0,0.0,-1.25,2.2500000000000004,0.9166666666666666
25,1258,221,soft,stagnation_risk,exact_shapley_wo_simulation,64,151.0,151.0,alpha,Coef. exploracion (alpha),0.0,random_reinjection,random_aggressive,0.3,0.2633333333333333,0.08575010225449586,0.4147637916531773,0.14920133135154945,0.003760811543584727,0.7366666666666667,0.0,0.0,0.0,0.0,0.0,0.0
26,1259,40,soft,stagnation_risk,exact_shapley_wo_simulation,64,153.0,152.0,safety_signal,Senal de seguridad,0.8333333333333334,random_reinjection,random_aggressive,0.3,0.8666666666666667,0.975075573352886,0.11164072559307509,0.7496319543453609,0.13329340682111776,0.13333333333333333,0.16666666666666666,0.0,-2.3333333333333335,0.8333333333333334,-0.16666666666666663,0.49999999999999994
26,1259,76,soft,stagnation_risk,exact_shapley_wo_simulation,64,152.0,152.0,safety_signal,Senal de seguridad,1.9999999999999998,random_reinjection,random_aggressive,0.3,0.7466666666666666,0.921771740548216,0.19887021734745697,0.5648472820862008,0.22966655328260374,0.25333333333333335,0.0,0.0,-2.0,1.9999999999999998,0.0,0.0
26,1259,112,soft,stagnation_risk,exact_shapley_wo_simulation,64,151.0,153.0,diversity,Diversidad poblacional,3.5000000000000004,random_reinjection,random_aggressive,0.3,0.6266666666666667,0.7801716022593175,0.4235516391947789,0.43407467916201503,0.003981119415715659,0.37333333333333335,0.0,0.0,0.0,0.0,3.5000000000000004,-1.5
26,1259,148,soft,stagnation_risk,exact_shapley_wo_simulation,64,151.0,151.0,danger_signal,Senal de peligro,1.9999999999999998,random_reinjection,random_aggressive,0.3,0.5066666666666666,0.5166604965694115,0.3342971783825066,0.7588734143803239,0.238661897610785,0.49333333333333335,0.0,0.0,1.9999999999999998,-2.0,0.0,0.0
26,1259,184,soft,stagnation_risk,exact_shapley_wo_simulation,64,151.0,151.0,alpha,Coef. exploracion (alpha),0.0,random_reinjection,random_aggressive,0.3,0.3866666666666667,0.24354647076959568,0.6700426768708602,0.7413218443966926,0.07638312659878405,0.6133333333333333,0.0,0.0,0.0,0.0,0.0,0.0
26,1259,221,soft,stagnation_risk,exact_shapley_wo_simulation,64,151.0,151.0,alpha,Coef. exploracion (alpha),0.0,random_reinjection,random_aggressive,0.3,0.2633333333333333,0.08575010225449586,0.465573419388115,0.8621989484982078,0.019308567011257632,0.7366666666666667,0.0,0.0,0.0,0.0,0.0,0.0
27,1260,40,soft,stagnation_risk,exact_shapley_wo_simulation,64,155.0,154.0,diversity,Diversidad poblacional,-1.0000000000000004,random_reinjection,random_aggressive,0.3,0.8666666666666667,0.975075573352886,0.441497658478783,0.13222922860093644,0.1460515658201402,0.13333333333333333,0.0,0.0,0.0,0.0,-1.0000000000000004,0.0
27,1260,76,soft,stagnation_risk,exact_shapley_wo_simulation,64,151.0,151.0,alpha,Coef. exploracion (alpha),0.0,random_reinjection,random_aggressive,0.3,0.7466666666666666,0.921771740548216,0.4815106049873592,0.27187479611775833,0.22954482296335946,0.25333333333333335,0.0,0.0,0.0,0.0,0.0,0.0
27,1260,112,soft,stagnation_risk,exact_shapley_wo_simulation,64,154.0,151.0,iteration,Iteracion normalizada,-3.000000000000001,random_reinjection,random_aggressive,0.3,0.6266666666666667,0.7801716022593175,0.6832802230511072,0.8970568932550618,0.2326821077241039,0.37333333333333335,0.0,0.0,0.0,0.0,0.0,-3.000000000000001
27,1260,148,soft,stagnation_risk,exact_shapley_wo_simulation,64,152.0,152.0,iteration,Iteracion normalizada,0.8333333333333335,random_reinjection,random_aggressive,0.3,0.5066666666666666,0.5166604965694115,0.31296684056785895,0.06827995849253365,0.23580470130148326,0.49333333333333335,0.0,0.0,0.8333333333333333,-1.6666666666666667,0.0,0.8333333333333335
27,1260,184,soft,stagnation_risk,exact_shapley_wo_simulation,64,152.0,152.0,iteration,Iteracion normalizada,1.9999999999999998,random_reinjection,random_aggressive,0.3,0.3866666666666667,0.24354647076959568,0.34078213692962145,0.10231577949565707,0.22594681371732556,0.6133333333333333,0.0,0.0,0.5,-2.5,0.0,1.9999999999999998
27,1260,220,soft,stagnation_risk,exact_shapley_wo_simulation,64,151.0,151.0,alpha,Coef. exploracion (alpha),0.0,random_reinjection,random_aggressive,0.3,0.2666666666666667,0.08839967720705832,0.5356508613467819,0.8458874916116106,0.008289295028197355,0.7333333333333333,0.0,0.0,0.0,0.0,0.0,0.0
28,1261,40,soft,stagnation_risk,exact_shapley_wo_simulation,64,151.0,152.0,diversity,Diversidad poblacional,2.4166666666666665,random_reinjection,random_aggressive,0.3,0.8666666666666667,0.975075573352886,0.7712380022578496,0.899955538414521,0.14257299494181894,0.13333333333333333,-0.08333333333333333,0.0,-1.4166666666666665,0.0,2.4166666666666665,0.08333333333333334
28,1261,76,soft,stagnation_risk,exact_shapley_wo_simulation,64,156.0,154.0,diversity,Diversidad poblacional,1.0,random_reinjection,random_aggressive,0.3,0.7466666666666666,0.921771740548216,0.5553218692192065,0.27189115784876783,0.003912209953075465,0.25333333333333335,0.0,0.0,0.0,0.0,1.0,-3.000000000000001
28,1261,112,soft,stagnation_risk,exact_shapley_wo_simulation,64,152.0,151.0,danger_signal,Senal de peligro,-0.49999999999999994,random_reinjection,random_aggressive,0.3,0.6266666666666667,0.7801716022593175,0.22354343242453378,0.9056040707831284,0.24169605111795445,0.37333333333333335,0.0,0.0,-0.49999999999999994,0.0,0.0,-0.49999999999999994
28,1261,148,soft,stagnation_risk,exact_shapley_wo_simulation,64,152.0,153.0,diversity,Diversidad poblacional,1.0,random_reinjection,random_aggressive,0.3,0.5066666666666666,0.5166604965694115,0.33939865446138595,0.9755644054761772,0.004081084898281832,0.49333333333333335,-0.16666666666666663,-0.24999999999999997,0.8333333333333334,-1.0,1.0,0.5833333333333333
28,1261,184,soft,stagnation_risk,exact_shapley_wo_simulation,64,152.0,151.0,safety_signal,Senal de seguridad,-1.0000000000000004,random_reinjection,random_aggressive,0.3,0.3866666666666667,0.24354647076959568,0.4038793029227245,0.030940954310135105,0.2260043813140299,0.6133333333333333,0.0,0.0,0.0,-1.0000000000000004,0.0,0.0
28,1261,220,soft,stagnation_risk,exact_shapley_wo_simulation,64,155.0,151.0,iteration,Iteracion normalizada,2.7755575615628914e-17,random_reinjection,random_aggressive,0.3,0.2666666666666667,0.08839967720705832,0.584665261656004,0.7655240869786857,0.2290517157825145,0.7333333333333333,-4.0,0.0,0.0,0.0,0.0,2.7755575615628914e-17
29,1262,46,soft,stagnation_risk,exact_shapley_wo_simulation,64,154.0,155.0,iteration,Iteracion normalizada,1.0000000000000004,random_reinjection,random_aggressive,0.3,0.8466666666666667,0.9697243080130495,0.5033602211412895,0.16761366644688547,0.24317519120684516,0.15333333333333332,0.0,0.0,0.0,0.0,0.0,1.0000000000000004
29,1262,82,soft,stagnation_risk,exact_shapley_wo_simulation,64,151.0,151.0,alpha,Coef. exploracion (alpha),0.0,random_reinjection,random_aggressive,0.3,0.7266666666666667,0.9060785039807289,0.2118889263513351,0.04666412139863818,0.1453073407456673,0.2733333333333333,0.0,0.0,0.0,0.0,0.0,0.0
29,1262,119,soft,stagnation_risk,exact_shapley_wo_simulation,64,151.0,151.0,alpha,Coef. exploracion (alpha),0.0,random_reinjection,random_aggressive,0.3,0.6033333333333333,0.7375616214876249,0.7123593879308774,0.5595187200754926,0.15282523507920234,0.39666666666666667,0.0,0.0,0.0,0.0,0.0,0.0
29,1262,156,soft,stagnation_risk,exact_shapley_wo_simulation,64,152.0,152.0,danger_signal,Senal de peligro,0.7833333333333333,random_reinjection,random_aggressive,0.3,0.48,0.45016600268752205,0.6745970856515634,0.8644821412381575,0.18079567084085527,0.52,-0.4666666666666666,0.0,0.7833333333333333,0.03333333333333335,0.033333333333333354,-0.3833333333333333
29,1262,192,soft,stagnation_risk,exact_shapley_wo_simulation,64,151.0,152.0,diversity,Diversidad poblacional,5.166666666666667,random_reinjection,random_aggressive,0.3,0.36,0.1978161114414182,0.36481750201149055,0.6721528591774683,0.003864119741081853,0.64,-1.25,0.0,1.083333333333333,-3.9999999999999996,5.166666666666667,3.400058012914542e-16
29,1262,228,soft,stagnation_risk,exact_shapley_wo_simulation,64,151.0,151.0,alpha,Coef. exploracion (alpha),0.0,random_reinjection,random_aggressive,0.3,0.24,0.06913842034334672,0.595191773021597,0.6027278814984462,0.037384438296440156,0.76,0.0,0.0,0.0,0.0,0.0,0.0
30,1263,55,soft,stagnation_risk,exact_shapley_wo_simulation,64,152.0,155.0,danger_signal,Senal de peligro,3.000000000000001,random_reinjection,random_aggressive,0.3,0.8166666666666667,0.9595604351819967,0.23871612409673937,0.030229389912403093,0.24434510538902454,0.18333333333333332,0.0,0.0,3.000000000000001,0.0,0.0,0.0
30,1263,91,soft,stagnation_risk,exact_shapley_wo_simulation,64,155.0,152.0,iteration,Iteracion normalizada,-3.000000000000001,random_reinjection,random_aggressive,0.3,0.6966666666666667,0.8772526294600782,0.316953280596342,0.9904683471252907,0.191336040353433,0.30333333333333334,0.0,0.0,0.0,0.0,0.0,-3.000000000000001
30,1263,127,soft,stagnation_risk,exact_shapley_wo_simulation,64,151.0,152.0,iteration,Iteracion normalizada,1.0000000000000004,random_reinjection,random_aggressive,0.3,0.5766666666666667,0.6827993860934125,0.3301582251158175,0.7133826379957597,0.23791202866051797,0.42333333333333334,0.0,0.0,0.0,0.0,0.0,1.0000000000000004
30,1263,163,soft,stagnation_risk,exact_shapley_wo_simulation,64,152.0,156.0,iteration,Iteracion normalizada,3.333333333333333,random_reinjection,random_aggressive,0.3,0.45666666666666667,0.3933306438917886,0.6952494259656918,0.287036951878345,0.18690291339964765,0.5433333333333333,0.0,0.0,1.3333333333333333,-0.6666666666666666,0.0,3.333333333333333
30,1263,199,soft,stagnation_risk,exact_shapley_wo_simulation,64,154.0,152.0,iteration,Iteracion normalizada,-2.000000000000001,random_reinjection,random_aggressive,0.3,0.33666666666666667,0.16337423951337948,0.5796031168346639,0.7018980196612785,0.21312102366638494,0.6633333333333333,0.0,0.0,0.0,0.0,0.0,-2.000000000000001
30,1263,235,soft,stagnation_risk,exact_shapley_wo_simulation,64,151.0,151.0,alpha,Coef. exploracion (alpha),0.0,random_reinjection,random_aggressive,0.3,0.21666666666666667,0.05554926015761186,0.43017180246061365,0.6014102191305387,0.048512558971444325,0.7833333333333333,0.0,0.0,0.0,0.0,0.0,0.0
